0.000	0	0	1.2581063856487162e-05	9.768862696546421e-08	2.770280715935769e-08	3.614370032574361	6.510002488144924
0.000	0	5	0.41130945086479187	0.004839451517909765	0.0007388647645711899	0.5807361570421029	1.2589184357244947
0.000	0	10	0.5931969881057739	0.02451646700501442	0.00162188068497926	0.4506331633337364	1.0003189363283578
0.000	0	15	0.6509941816329956	0.07082819938659668	0.008526350371539593	0.34730227802623365	0.8218328798512716
0.000	0	20	0.6458877921104431	0.11536774039268494	0.0335875041782856	0.2619088753645487	0.6766821804622922
0.000	0	25	0.7493176460266113	0.13203075528144836	0.0802014172077179	0.17590431950868407	0.490647790166328
0.000	0	30	0.7622337937355042	0.12676472961902618	0.10124003142118454	0.13964459696967735	0.45591926230061014
0.000	0	35	0.7455820441246033	0.15829724073410034	0.0695139691233635	0.14752037264076873	0.4503077085086814
0.000	0	40	0.8022484183311462	0.16023018956184387	0.09209657460451126	0.1187733749215597	0.4009544066548209
0.000	0	45	0.8440698385238647	0.15835408866405487	0.09275349229574203	0.10868697562379794	0.36518320101918067
0.000	0	50	0.831181526184082	0.17560458183288574	0.08104483783245087	0.1061357155805738	0.3596840829556849
0.000	0	75	0.8101565837860107	0.15063035488128662	0.08037932217121124	0.0898352583842332	0.3515175995706223
0.000	0	100	0.9240334630012512	0.11964162439107895	0.11229875683784485	0.07330155819639544	0.3242941220793168
0.000	0	125	1.1572644710540771	0.13954955339431763	0.1353476345539093	0.06707278810171881	0.2908196012311602
0.000	0	150	1.0177602767944336	0.1310562640428543	0.10724303871393204	0.059256467399010075	0.29219111763898586
0.000	0	175	1.086001992225647	0.139259472489357	0.13508376479148865	0.054559625355717685	0.26888055542997835
0.000	0	200	0.950698971748352	0.1571778804063797	0.08771990239620209	0.05537898146578015	0.27853990806587076
0.000	0	225	1.0004764795303345	0.16570883989334106	0.10458336025476456	0.05113220801923965	0.28242648982553936
0.000	0	250	0.9707062244415283	0.12745438516139984	0.12323983013629913	0.05152163211949707	0.26363794692293785
0.000	0	275	1.0476596355438232	0.14526546001434326	0.15479382872581482	0.04789589868169663	0.266173355692158
0.000	0	300	0.9987666606903076	0.1868639588356018	0.08078262209892273	0.052575539689032974	0.29361862527653915
0.000	0	325	1.1010494232177734	0.15925678610801697	0.15338099002838135	0.05074701530970481	0.255229205150048
0.000	0	350	1.107052206993103	0.17581544816493988	0.11467010527849197	0.04554071311080621	0.24786284811335804
0.000	0	375	1.0637030601501465	0.17855457961559296	0.1294807493686676	0.04485371382529258	0.24668307200455955
0.000	0	400	1.0889204740524292	0.1677483767271042	0.12629824876785278	0.04462130257793328	0.22949771091219667
0.000	0	425	1.1642831563949585	0.21492233872413635	0.10530338436365128	0.04364591375751896	0.23814668580825227
0.000	0	450	1.0846600532531738	0.18303807079792023	0.13193197548389435	0.042876121023068786	0.2552510814798073
0.000	0	475	1.1010923385620117	0.1717328131198883	0.1458463966846466	0.042115026275457906	0.25609314156624474
0.050	0	0	3.997533440269763e-06	5.4909431668193065e-08	1.1029500868176001e-08	1.3535505577120437	3.1412496132969516
0.050	0	5	0.35712215304374695	0.004943940322846174	0.0008436135831288993	0.6019621325081543	1.2659581599110938
0.050	0	10	0.486106812953949	0.00850572157651186	0.001034831628203392	0.5180030124826724	1.1398615922529727
0.050	0	15	0.6629756689071655	0.02958676777780056	0.002540754387155175	0.4169348582638285	0.9352027074595636
0.050	0	20	0.6610027551651001	0.060958974063396454	0.008714900352060795	0.3526514532087917	0.838939029056983
0.050	0	25	0.6044116020202637	0.06110422685742378	0.015500792302191257	0.3181162876567547	0.8276286732935438
0.050	0	30	0.5481986999511719	0.0614682175219059	0.018048446625471115	0.27470671624609005	0.7729942690996505
0.050	0	35	0.6711994409561157	0.085294708609581	0.035900067538022995	0.205389321225173	0.6372546962950066
0.050	0	40	0.5911856889724731	0.08790653944015503	0.030568953603506088	0.18720223487004625	0.6613563023410137
0.050	0	45	0.6399728059768677	0.08387089520692825	0.02895691990852356	0.1683567356178091	0.6134605605748196
0.050	0	50	0.7676622867584229	0.11445219069719315	0.03902290388941765	0.14943498228023538	0.5558996089436146
0.050	0	75	0.7624699473381042	0.12213949114084244	0.0438680425286293	0.11216524603898201	0.4499706470498161
0.050	0	100	0.795705258846283	0.11986794322729111	0.05746126174926758	0.0970910513575175	0.4176187586038268
0.050	0	125	0.7701283693313599	0.12263287603855133	0.04926174134016037	0.09456234656498037	0.4308737357225141
0.050	0	150	0.8205169439315796	0.1269371658563614	0.05877017602324486	0.08983809579140944	0.4347677777618316
0.050	0	175	0.764338493347168	0.12125908583402634	0.045189786702394485	0.08933364414560575	0.4394380563584171
0.050	0	200	0.7863776087760925	0.12411361187696457	0.05614915117621422	0.08506284292306672	0.4201847649270389
0.050	0	225	0.8753595948219299	0.13472788035869598	0.07313979417085648	0.08305560380044108	0.35133520438897015
0.050	0	250	0.8191707730293274	0.1325717270374298	0.058407001197338104	0.08370592246779877	0.4277161385870441
0.050	0	275	0.7794712781906128	0.15101701021194458	0.051466550678014755	0.08734164443143676	0.4202774814991348
0.050	0	300	0.8101373910903931	0.13754595816135406	0.08006171882152557	0.08058586734545732	0.39727797434281176
0.050	0	325	0.779529869556427	0.1306425929069519	0.0690382868051529	0.07357730230626842	0.4067937336987838
0.050	0	350	0.7502280473709106	0.13252370059490204	0.06969047337770462	0.0816490335168669	0.43088517695483375
0.050	0	375	0.8088339567184448	0.12039856612682343	0.08738408237695694	0.07350012876042401	0.36711893995765804
0.050	0	400	0.804683268070221	0.13500109314918518	0.0763951912522316	0.0767192423596097	0.4073095398239918
0.050	0	425	0.704279899597168	0.11094143241643906	0.07241750508546829	0.08165630768737919	0.45549283587502604
0.050	0	450	0.7650324702262878	0.117460235953331	0.0883621796965599	0.07456578773904284	0.38395109102500785
0.050	0	475	0.7793551683425903	0.12868402898311615	0.092129647731781	0.07389841245065017	0.40641924040232486
0.125	0	0	4.883648671238916e-06	7.14639369903125e-08	1.9461497302586395e-08	1.0110605473613283	2.2802295825405308
0.125	0	5	0.28023746609687805	0.005473727826029062	0.0007561912061646581	0.5978765291295824	1.3018834412171096
0.125	0	10	0.5123223066329956	0.012181222438812256	0.0010584427509456873	0.5016727800252213	1.100308012582431
0.125	0	15	0.5845624208450317	0.03448821231722832	0.004378150217235088	0.43409021352939076	0.9863603502210531
0.125	0	20	0.6332109570503235	0.05436808615922928	0.010912599042057991	0.39046751711582156	0.9093466384030847
0.125	0	25	0.6440402865409851	0.06440594047307968	0.014916017651557922	0.36568030086486075	0.8947062543651911
0.125	0	30	0.6249775886535645	0.07025957107543945	0.019380664452910423	0.3392847474581623	0.8333685168870367
0.125	0	35	0.6913822293281555	0.10518564283847809	0.03193414956331253	0.2841086301359015	0.72474150597838
0.125	0	40	0.7030695676803589	0.11118130385875702	0.03280114382505417	0.26056247624024026	0.6849243514846303
0.125	0	45	0.6865290403366089	0.0938604399561882	0.030864179134368896	0.2483874573070193	0.6663338376910879
0.125	0	50	0.7008737325668335	0.10321048647165298	0.03728145360946655	0.23750089348990744	0.6650525281587881
0.125	0	75	0.6857365369796753	0.0823601707816124	0.049955449998378754	0.1984111131232974	0.6565558569468877
0.125	0	100	0.8358751535415649	0.12053576111793518	0.04327782988548279	0.20056572091511385	0.589956755181543
0.125	0	125	0.801782488822937	0.11277399957180023	0.04636698588728905	0.19661248551924715	0.6009277421430371
0.125	0	150	0.8655535578727722	0.1292206346988678	0.04091494902968407	0.17124509092346285	0.5003708653561947
0.125	0	175	0.8454083204269409	0.09293965995311737	0.05879892781376839	0.19584408994846111	0.5561085026789742
0.125	0	200	0.8037163019180298	0.10911238938570023	0.050790805369615555	0.18373367485490025	0.5580168093033094
0.125	0	225	0.9406734704971313	0.13072626292705536	0.05127660930156708	0.1822013875453704	0.4848809156631246
0.125	0	250	0.8164861798286438	0.10698667913675308	0.04783673584461212	0.1724549458400353	0.5059929925583634
0.125	0	275	0.9469215273857117	0.10819897800683975	0.06374549120664597	0.18847834760858168	0.48571317206896475
0.125	0	300	0.8708571195602417	0.12284078449010849	0.05364728718996048	0.1840666280100715	0.4821651017347549
0.125	0	325	0.9415916800498962	0.13595283031463623	0.05398297309875488	0.17567455279628624	0.4635742932498675
0.125	0	350	0.802605152130127	0.10435915738344193	0.04899289086461067	0.19400430729055015	0.5588487547216119
0.125	0	375	0.8972511887550354	0.1298392117023468	0.055959951132535934	0.1890487031414115	0.5178555196737825
0.125	0	400	0.8745095729827881	0.12213268876075745	0.06446336954832077	0.19298141735863236	0.5212699630877639
0.125	0	425	0.8381683230400085	0.10988830029964447	0.058637477457523346	0.1828644564345345	0.506743334109883
0.125	0	450	0.887605607509613	0.14605768024921417	0.04459657147526741	0.1719032633794832	0.4556856916902339
0.125	0	475	0.882867693901062	0.12030082195997238	0.06486017256975174	0.1837546955616797	0.5096118910120115
0.250	0	0	3.064166094191023e-06	1.9238996173953637e-08	4.220131355481271e-09	1.3118866812992418	1.866237526313429
0.250	0	5	0.21263541281223297	0.005279457662254572	0.0005646221106871963	0.6080117515049306	1.3546143601138403
0.250	0	10	0.33789047598838806	0.005748579278588295	0.0010686671594157815	0.5441254683463209	1.2208885096117246
0.250	0	15	0.3915165364742279	0.016123637557029724	0.0016604753909632564	0.4999246726366175	1.1486975178585694
0.250	0	20	0.4096411466598511	0.031111562624573708	0.0028374444227665663	0.4735708412872162	1.1118205148490368
0.250	0	25	0.5674499869346619	0.04537070542573929	0.0057163359597325325	0.43920788185365917	1.0321996011905012
0.250	0	30	0.5587000250816345	0.0510566346347332	0.007926720194518566	0.4318026945729796	1.0167642771249705
0.250	0	35	0.5291980504989624	0.04641928896307945	0.007965023629367352	0.4313683428951385	1.0260413437283094
0.250	0	40	0.5656567811965942	0.05715666338801384	0.010453266091644764	0.4195065676710658	0.9939731975210382
0.250	0	45	0.5891945958137512	0.06411650031805038	0.011689621023833752	0.41422740692282817	0.9770384314638297
0.250	0	50	0.5542835593223572	0.06738380342721939	0.0158135574311018	0.4138450599809597	0.9594977333147661
0.250	0	75	0.6233968138694763	0.07601360231637955	0.01884385570883751	0.3822672867097575	0.9218326916987861
0.250	0	100	0.6613062024116516	0.08343734592199326	0.026454448699951172	0.4073084788694637	0.9537072522633157
0.250	0	125	0.647651195526123	0.08070233464241028	0.025362031534314156	0.4186032683804962	0.9926069081323977
0.250	0	150	0.641534149646759	0.07923104614019394	0.02777971513569355	0.4140761833308822	1.0109399622462238
0.250	0	175	0.5630888342857361	0.07133405655622482	0.03094298392534256	0.4310912017091788	1.0672586463391862
0.250	0	200	0.6912092566490173	0.08564476668834686	0.03157060965895653	0.44673038498622014	1.0578082704950555
0.250	0	225	0.6780142784118652	0.08131098747253418	0.03564830496907234	0.4629304517000878	1.0668414714006185
0.250	0	250	0.6509013175964355	0.07926543056964874	0.030407140031456947	0.44395181143592183	1.0497096242917758
0.250	0	275	0.7077828049659729	0.08525489270687103	0.03481827676296234	0.47020851363964333	1.0976098659542874
0.250	0	300	0.7261686325073242	0.0924588292837143	0.034413982182741165	0.48791838165927826	1.0846216635527397
0.250	0	325	0.6492099165916443	0.0821685642004013	0.03051264025270939	0.4654525172533747	1.102822401169273
0.250	0	350	0.6363437175750732	0.07790295779705048	0.03201272338628769	0.455609799532428	1.0729068187850281
0.250	0	375	0.6420258283615112	0.08667812496423721	0.0294538252055645	0.4688486831485211	1.1266950446837192
0.250	0	400	0.7381212711334229	0.10857375711202621	0.03373495861887932	0.48627913577008813	1.0897762916245253
0.250	0	425	0.6401227712631226	0.09293476492166519	0.03242296352982521	0.47156526197145976	1.0953380585378227
0.250	0	450	0.6517964601516724	0.0977805033326149	0.030558081343770027	0.4731559107966279	1.1383588682624282
0.250	0	475	0.6574997305870056	0.09957517683506012	0.02936292439699173	0.4895948343565318	1.1490814667769988
0.375	0	0	1.2147456800448708e-05	9.627166974723878e-08	3.569619977383809e-08	1.413298792318438	3.2572397589169273
0.375	0	5	0.13025440275669098	0.00869335513561964	0.0008459431119263172	0.6496776184193294	1.5033763810447691
0.375	0	10	0.16027840971946716	0.003106991294771433	0.0005232719704508781	0.6235540400184437	1.4116407963515567
0.375	0	15	0.20566503703594208	0.003908088896423578	0.0007804068736732006	0.5862512088789472	1.328390650108831
0.375	0	20	0.22919131815433502	0.007485392969101667	0.001046174787916243	0.558867279035556	1.3028580819890911
0.375	0	25	0.25255125761032104	0.011147139593958855	0.0014484066050499678	0.5458734825687578	1.292704840734355
0.375	0	30	0.2532769441604614	0.012615297921001911	0.0015754251508042216	0.5444087641630193	1.2786432840542807
0.375	0	35	0.28282666206359863	0.0186968594789505	0.0020914559718221426	0.5304842864385786	1.2576542337721954
0.375	0	40	0.2298184633255005	0.015164786949753761	0.0022585068363696337	0.5479771956175769	1.3223972531241757
0.375	0	45	0.36026591062545776	0.024588335305452347	0.0034069104585796595	0.517582289332361	1.1982183735199634
0.375	0	50	0.34722617268562317	0.02559596672654152	0.004565166775137186	0.5142315181094043	1.2154247309477548
0.375	0	75	0.3784544765949249	0.030561786144971848	0.004739454947412014	0.5141038350537281	1.1897929693883968
0.375	0	100	0.3965228497982025	0.0254988931119442	0.006671286188066006	0.5236244521633545	1.1828950763105568
0.375	0	125	0.427290678024292	0.030096441507339478	0.008914465084671974	0.5413540558415638	1.1813258671484983
0.375	0	150	0.4196878969669342	0.029508894309401512	0.009466759860515594	0.5598307444257644	1.227497740681197
0.375	0	175	0.4201396107673645	0.031933821737766266	0.009591260924935341	0.5847525355235423	1.254775735577286
0.375	0	200	0.4587428569793701	0.03727562353014946	0.010206704959273338	0.617616749933307	1.291556510363332
0.375	0	225	0.48233965039253235	0.03448169678449631	0.01060161180794239	0.6146464068110065	1.27040711638382
0.375	0	250	0.48094287514686584	0.0386543907225132	0.012557337991893291	0.6379576387615857	1.3054394884514693
0.375	0	275	0.4667282998561859	0.03636535257101059	0.010690368711948395	0.64507003501026	1.3363521792289763
0.375	0	300	0.4452478885650635	0.03231433406472206	0.012939908541738987	0.6582615051412782	1.3609739605802604
0.375	0	325	0.534750759601593	0.04144344851374626	0.013818629086017609	0.665122074796751	1.3466517263026374
0.375	0	350	0.4371606707572937	0.034088633954524994	0.00989200547337532	0.6509482833712718	1.3698764801097054
0.375	0	375	0.4984082877635956	0.04050644859671593	0.014933744445443153	0.6557543686922824	1.3463448042856352
0.375	0	400	0.47151947021484375	0.035083215683698654	0.01228245534002781	0.6552487363215392	1.3666903807966513
0.375	0	425	0.47043800354003906	0.03111080825328827	0.015300450846552849	0.6615034267929439	1.3579177093422097
0.375	0	450	0.4666597843170166	0.038106318563222885	0.014232253655791283	0.6896875387722099	1.4113578657117987
0.375	0	475	0.445184588432312	0.03224514052271843	0.014018630608916283	0.6756246765536804	1.4259880786190213
0.500	0	0	8.608118378106155e-07	4.51889459185395e-09	2.0759760577249153e-09	1.0016411494384718	2.1244454697037036
0.500	0	5	0.0681830495595932	0.008004048839211464	0.0007582185789942741	0.6970077366830693	1.6326413915683144
0.500	0	10	0.09963727742433548	0.006082514766603708	0.000531157711520791	0.6646329161953463	1.5585870218788531
0.500	0	15	0.14930780231952667	0.002779085421934724	0.0005675610736943781	0.6260491789179914	1.4502732260579587
0.500	0	20	0.12579189240932465	0.0031131908763200045	0.00071682472480461	0.6296738724734944	1.4477492547961113
0.500	0	25	0.16209107637405396	0.0049710641615092754	0.0009931933600455523	0.6045809790419507	1.398544794311983
0.500	0	30	0.19595478475093842	0.009564965963363647	0.0016673343488946557	0.5887563354947547	1.3483474681724612
0.500	0	35	0.15214474499225616	0.007392824161797762	0.0013913367874920368	0.5998897742365146	1.4192599721316606
0.500	0	40	0.14456093311309814	0.008923393674194813	0.001471903407946229	0.6069562460029719	1.421936954602102
0.500	0	45	0.19102442264556885	0.010342875495553017	0.0018660625210031867	0.5760801149693799	1.349984860456615
0.500	0	50	0.16101409494876862	0.009489033371210098	0.0014929946046322584	0.5948010177046423	1.3978039508415554
0.500	0	75	0.17730876803398132	0.012521014548838139	0.001839279429987073	0.5951902414545363	1.3821709091997458
0.500	0	100	0.18384845554828644	0.013886965811252594	0.0017547729657962918	0.5977213133172388	1.3937611241340355
0.500	0	125	0.23334801197052002	0.020077385008335114	0.0026746902149170637	0.6159649136028698	1.3547640673551946
0.500	0	150	0.19552554190158844	0.0161774642765522	0.002129895146936178	0.6334423951772046	1.4112193245134124
0.500	0	175	0.22809864580631256	0.018293356522917747	0.002479230286553502	0.6460379734428158	1.4031089072844924
0.500	0	200	0.25414422154426575	0.019030557945370674	0.0029477851931005716	0.6462297951621644	1.3799494350301535
0.500	0	225	0.25504520535469055	0.019775547087192535	0.0026583580765873194	0.6581180625270845	1.3977851036219857
0.500	0	250	0.20575715601444244	0.01762739196419716	0.001849441439844668	0.6636758762470325	1.4407552618957065
0.500	0	275	0.2434827983379364	0.019018592312932014	0.0023354473523795605	0.6748914173361544	1.4268677572351063
0.500	0	300	0.2436353862285614	0.02054784633219242	0.002572749275714159	0.6758874700974452	1.436962118194822
0.500	0	325	0.27503836154937744	0.022366655990481377	0.0026967369485646486	0.6965559216938733	1.415554257007258
0.500	0	350	0.2738458216190338	0.022459186613559723	0.0029285172931849957	0.695535768223928	1.423311594703678
0.500	0	375	0.2422926127910614	0.023691445589065552	0.0020602962467819452	0.6922486805633429	1.456480899038347
0.500	0	400	0.23518653213977814	0.021670890972018242	0.0028733748476952314	0.6952525695560509	1.448604664802366
0.500	0	425	0.23149478435516357	0.024100441485643387	0.0020011786837130785	0.7015997477546816	1.4741412277629824
0.500	0	450	0.31252431869506836	0.02920960821211338	0.002891279524192214	0.7164955694276637	1.4277223860117367
0.500	0	475	0.2835557460784912	0.027050409466028214	0.002814077539369464	0.7116170421802681	1.4325384711396385
0.000	0	0	4.4571766011358704e-06	2.843115076700542e-08	1.4648278146012217e-08	1.226481249838161	2.8818750277570824
0.000	0	5	0.4739729166030884	0.004970676731318235	0.0008880153764039278	0.5757300553765068	1.21728424086494
0.000	0	10	0.6288196444511414	0.03562914952635765	0.002223948249593377	0.42842167123688324	0.9407291760566487
0.000	0	15	0.7189232110977173	0.060805514454841614	0.009064388461411	0.364636810447924	0.8291061434265764
0.000	0	20	0.673382043838501	0.09887932240962982	0.03363189846277237	0.3134769386099956	0.7334955531591318
0.000	0	25	0.6344119310379028	0.11881420761346817	0.0641985535621643	0.22640286471070056	0.627949879723237
0.000	0	30	0.7846747636795044	0.1289256364107132	0.08593548834323883	0.15819728647618023	0.4506580319941951
0.000	0	35	0.782475471496582	0.1267770677804947	0.10073494911193848	0.13682006854164105	0.43074792435340226
0.000	0	40	0.860745906829834	0.13104698061943054	0.09816549718379974	0.12393513976253086	0.3849143602855234
0.000	0	45	0.8615882396697998	0.12405025959014893	0.09700606018304825	0.11348134432950352	0.3619497984198324
0.000	0	50	0.86294025182724	0.1488281488418579	0.07091468572616577	0.10717505275722433	0.33629830837610103
0.000	0	75	1.1637804508209229	0.16876624524593353	0.10938746482133865	0.08328802080782935	0.2876034058670967
0.000	0	100	0.9149827361106873	0.15890876948833466	0.07519122213125229	0.06505720569761908	0.29258993645371256
0.000	0	125	0.9735514521598816	0.17286652326583862	0.07617254555225372	0.06045913303100482	0.28136360457245124
0.000	0	150	1.0681742429733276	0.1323796957731247	0.13067211210727692	0.05899984141854107	0.2715887992419227
0.000	0	175	1.0082403421401978	0.14471974968910217	0.11325502395629883	0.058217504491325886	0.2959859811769704
0.000	0	200	0.9251447916030884	0.13290654122829437	0.08980721980333328	0.056981327849272595	0.28709763801461285
0.000	0	225	0.9782781600952148	0.1341356337070465	0.10894235968589783	0.05247709103730721	0.26744647728181786
0.000	0	250	1.3229379653930664	0.1995781809091568	0.1307181417942047	0.0696784307126375	0.2863977728826646
0.000	0	275	0.8126868009567261	0.13863138854503632	0.08917099982500076	0.0600240820638356	0.32359179589780523
0.000	0	300	1.0793426036834717	0.17708753049373627	0.12186610698699951	0.046535744752389044	0.22939367700946134
0.000	0	325	1.1513301134109497	0.16357555985450745	0.1193985566496849	0.05364419015869473	0.2094815254935282
0.000	0	350	0.9148886799812317	0.17178136110305786	0.09731295704841614	0.057100467034034944	0.2654190613049784
0.000	0	375	0.9592921137809753	0.16777107119560242	0.10419774055480957	0.050620380599780065	0.23247325423656895
0.000	0	400	1.021787166595459	0.19626006484031677	0.09953563660383224	0.04745726823936431	0.23458338343292168
0.000	0	425	0.9969828128814697	0.19462300837039948	0.11058922111988068	0.04287327500669581	0.23468469756819518
0.000	0	450	1.0151289701461792	0.20462214946746826	0.11179815232753754	0.042954149909098224	0.250017659714732
0.000	0	475	1.0146154165267944	0.206440731883049	0.11642850935459137	0.042269991921685485	0.2679202734589345
0.050	0	0	2.036795558524318e-05	1.1057568372052629e-07	2.6013335485686184e-08	3.9180767411586115	6.889294772223652
0.050	0	5	0.3080860674381256	0.006203606724739075	0.0007390934624709189	0.5933360157908464	1.2837180459511124
0.050	0	10	0.5569261908531189	0.009947158396244049	0.0014894941123202443	0.5095729054469028	1.1446653283014379
0.050	0	15	0.7747584581375122	0.04452544450759888	0.0065868753008544445	0.39422143554537076	0.8925088378822877
0.050	0	20	0.7322582602500916	0.07994373887777328	0.018411025404930115	0.3358610916058298	0.7962754837900297
0.050	0	25	0.7005034685134888	0.08816464245319366	0.033491265028715134	0.28037306326898087	0.7065640362856365
0.050	0	30	0.6872068643569946	0.09939832240343094	0.037680212408304214	0.23546253952893936	0.6465981733967144
0.050	0	35	0.6199831962585449	0.10458553582429886	0.030175387859344482	0.20538376812272977	0.640572383958834
0.050	0	40	0.7249740958213806	0.10872936248779297	0.028863664716482162	0.17400611949298844	0.5666384683668733
0.050	0	45	0.7394254207611084	0.121805839240551	0.03252805769443512	0.1508603370016573	0.5250630256462889
0.050	0	50	0.7039452195167542	0.10860484838485718	0.030148793011903763	0.13772990444737712	0.5183913341166682
0.050	0	75	0.7075732946395874	0.08780380338430405	0.0531427375972271	0.10502677894536552	0.46079853233503343
0.050	0	100	0.6634889245033264	0.08861351758241653	0.04498538747429848	0.10787948939306595	0.4973005055762197
0.050	0	125	0.694733738899231	0.07848614454269409	0.05608302354812622	0.0925516880177125	0.48596024568559926
0.050	0	150	0.7141326069831848	0.08358842134475708	0.06653939187526703	0.09193753821229421	0.4597251998509229
0.050	0	175	0.6590462923049927	0.08054958283901215	0.0622212290763855	0.09298540814532814	0.48699913121837163
0.050	0	200	0.7329515814781189	0.08886254578828812	0.0636022612452507	0.09163617524114472	0.4171209027768675
0.050	0	225	0.7380141615867615	0.09430960565805435	0.05677167326211929	0.07748090940224624	0.4296737187553629
0.050	0	250	0.7110671401023865	0.07694687694311142	0.06795910000801086	0.07975403873974621	0.4542789023967994
0.050	0	275	0.7070224285125732	0.09312400221824646	0.06051356717944145	0.07714793226536018	0.421524720656614
0.050	0	300	0.7097625732421875	0.07488341629505157	0.07583047449588776	0.07645657198712787	0.44563927488665805
0.050	0	325	0.7010464668273926	0.08249571919441223	0.06848961114883423	0.07761912054582788	0.43724513385864433
0.050	0	350	0.7208439707756042	0.09626973420381546	0.058083586394786835	0.07499233121391521	0.4284713287146777
0.050	0	375	0.7247148156166077	0.10616068542003632	0.04450109601020813	0.06752171513242934	0.4213983281199016
0.050	0	400	0.6895704865455627	0.09223180264234543	0.0582086481153965	0.07381088696617845	0.465178471639885
0.050	0	425	0.6890979409217834	0.10210634022951126	0.05759027600288391	0.0741800879152133	0.44426653665206695
0.050	0	450	0.7378391623497009	0.10946869850158691	0.056359171867370605	0.07330710205816406	0.4268256863208099
0.050	0	475	0.6874943375587463	0.10092151910066605	0.04956815764307976	0.0714053360649775	0.43471021507471425
0.125	0	0	1.2234091855134466e-06	1.0007696005231992e-08	3.296126926954912e-09	1.0047617413522172	2.0889243336446226
0.125	0	5	0.28053247928619385	0.0029299668967723846	0.0005588271887972951	0.5800038021444844	1.2667262100355454
0.125	0	10	0.4851926565170288	0.015730392187833786	0.001386540476232767	0.48353722179377423	1.0705782949389537
0.125	0	15	0.6384812593460083	0.03675386309623718	0.006420488469302654	0.4141875422042068	0.931107049885621
0.125	0	20	0.6984440684318542	0.05095702409744263	0.013421792536973953	0.3830020576024535	0.8922572970161983
0.125	0	25	0.6295941472053528	0.056185487657785416	0.016795409843325615	0.3568904705381502	0.8540977003736187
0.125	0	30	0.6154536008834839	0.06649887561798096	0.01966031827032566	0.33556324507805363	0.8162131181038514
0.125	0	35	0.6667945384979248	0.0726625993847847	0.022311408072710037	0.3184476094312791	0.7601672798235286
0.125	0	40	0.6007786393165588	0.06874442845582962	0.02458634413778782	0.2858663242904084	0.7347348300626859
0.125	0	45	0.64564049243927	0.0805618017911911	0.0319158211350441	0.2625491294755229	0.6835813520869847
0.125	0	50	0.6761323809623718	0.08577466756105423	0.037225332111120224	0.2507094407533516	0.6666602316927547
0.125	0	75	0.6844351291656494	0.1054658591747284	0.03217571601271629	0.21981230939120358	0.6390277632525017
0.125	0	100	0.6349523067474365	0.08615483343601227	0.0330834686756134	0.20962920072724878	0.6502538656637223
0.125	0	125	0.7474793791770935	0.10088679194450378	0.04457264021039009	0.20180860032153639	0.6134983298344199
0.125	0	150	0.7417221069335938	0.09410391747951508	0.04638464003801346	0.20492786262434154	0.586668441607685
0.125	0	175	0.7240465879440308	0.1007915809750557	0.0449492372572422	0.19071042323993642	0.5640562151855997
0.125	0	200	0.6935699582099915	0.10562972724437714	0.035733792930841446	0.18606466837855437	0.5787772425537957
0.125	0	225	0.704727053642273	0.10648486763238907	0.03669747710227966	0.18281287735587984	0.6115250869598439
0.125	0	250	0.7352645993232727	0.10730471462011337	0.034884463995695114	0.17568880266195835	0.5735426340173517
0.125	0	275	0.7114508748054504	0.10041860491037369	0.03312090039253235	0.18191647903943153	0.5735542512997833
0.125	0	300	0.6159246563911438	0.08452772349119186	0.033671360462903976	0.1932519059193242	0.6537343087879165
0.125	0	325	0.674780011177063	0.07664910703897476	0.042579762637615204	0.18636922623088192	0.6356109292340052
0.125	0	350	0.680243968963623	0.07434511929750443	0.03957061469554901	0.19111977327851332	0.6184993043753478
0.125	0	375	0.6541863083839417	0.09043892472982407	0.03672344610095024	0.17981187771151774	0.6397308622837422
0.125	0	400	0.6838535070419312	0.08186478167772293	0.04219663888216019	0.18618704553154153	0.6496663270395301
0.125	0	425	0.6992730498313904	0.08286081999540329	0.03706612065434456	0.18211187526148123	0.5957460056074826
0.125	0	450	0.6966546177864075	0.07911974936723709	0.03852448984980583	0.18651487368312467	0.5952437392639033
0.125	0	475	0.660272479057312	0.06422196328639984	0.04828719422221184	0.1830090212901238	0.6115137056988094
0.250	0	0	2.2397418888431275e-06	1.847045361103028e-08	7.284809644403367e-09	1.9702548616180349	4.1808011867015855
0.250	0	5	0.22729963064193726	0.00796820130199194	0.0009225430549122393	0.6060863854366874	1.352676414272768
0.250	0	10	0.30311688780784607	0.005109214223921299	0.0009399369009770453	0.5520376527868047	1.2439574975766667
0.250	0	15	0.3635121285915375	0.012488453648984432	0.0010136335622519255	0.5124893233198834	1.1816759408300124
0.250	0	20	0.424658864736557	0.02634882926940918	0.0022287459578365088	0.4749175820243881	1.1080857753587599
0.250	0	25	0.39489272236824036	0.031952373683452606	0.0037702929694205523	0.46171726288700765	1.125739063977067
0.250	0	30	0.4932798743247986	0.050224993377923965	0.0062170312739908695	0.44039980711139776	1.0631198098091927
0.250	0	35	0.44618088006973267	0.03932463377714157	0.006832104176282883	0.43108898122730144	1.0789541960172229
0.250	0	40	0.4885264039039612	0.04830474406480789	0.00962743628770113	0.4263494396313352	1.0484840676032092
0.250	0	45	0.5137994289398193	0.060120515525341034	0.013891969807446003	0.4120357534968866	0.9891354811355186
0.250	0	50	0.5297001600265503	0.0629725232720375	0.018790703266859055	0.3964997876270362	0.9623191724155545
0.250	0	75	0.5314698219299316	0.06498857587575912	0.02187284827232361	0.37860223795976483	0.9590366520333858
0.250	0	100	0.5327852368354797	0.06079860404133797	0.024164758622646332	0.37222143184042816	0.9538075248167297
0.250	0	125	0.5739989876747131	0.06881476938724518	0.02251959592103958	0.4016379091269355	0.9869242803088123
0.250	0	150	0.6148950457572937	0.07860656082630157	0.02403733693063259	0.4128606245796647	1.0196526153321799
0.250	0	175	0.532538652420044	0.06973543763160706	0.0273150447756052	0.4184837143776943	1.0516705571170057
0.250	0	200	0.5779569745063782	0.07749801129102707	0.03039851412177086	0.41496922029577965	1.0353369445775424
0.250	0	225	0.631974458694458	0.08790191262960434	0.028790894895792007	0.43923599521627077	1.047106838640455
0.250	0	250	0.6184698343276978	0.0810684785246849	0.03518075868487358	0.4205980471645644	1.0198237201091538
0.250	0	275	0.6201915740966797	0.08433913439512253	0.028729645535349846	0.4371883559152448	1.0576891645157969
0.250	0	300	0.5552567839622498	0.06643643230199814	0.029704008251428604	0.43805209692187824	1.1131185470599059
0.250	0	325	0.6443077921867371	0.08562974631786346	0.03689642250537872	0.44279276010888113	1.0870693128694608
0.250	0	350	0.5924225449562073	0.08082013577222824	0.0316188670694828	0.44742460532499745	1.0971054725869496
0.250	0	375	0.5909367203712463	0.07252123951911926	0.031027017161250114	0.43119077649072635	1.0324874028760977
0.250	0	400	0.6231390237808228	0.08057665824890137	0.03676963970065117	0.4580853272610793	1.0610476991881865
0.250	0	425	0.6222173571586609	0.08002085983753204	0.035784583538770676	0.44307807650726777	1.0706511395529537
0.250	0	450	0.6586220860481262	0.08295373618602753	0.04041237756609917	0.455005081389111	1.1086098982783446
0.250	0	475	0.637608528137207	0.07925596833229065	0.037243135273456573	0.47216869873809864	1.1052421617115906
0.375	0	0	3.378456540303887e-06	3.6036528427985104e-08	6.150423281781059e-09	1.0018748320420088	2.2026630614041003
0.375	0	5	0.16416732966899872	0.008614332415163517	0.0009787764865905046	0.6373190490235433	1.4482933321581137
0.375	0	10	0.2189837396144867	0.003667674493044615	0.0006689589354209602	0.5971841805166259	1.3346007108147093
0.375	0	15	0.22878602147102356	0.007029716856777668	0.0009975561406463385	0.5751077869036069	1.3063252953512539
0.375	0	20	0.30858781933784485	0.012095852755010128	0.0016750525683164597	0.5369496004865985	1.239638391216113
0.375	0	25	0.2679177224636078	0.014729348011314869	0.0016095897881314158	0.5338783513093973	1.2663710125166006
0.375	0	30	0.28967350721359253	0.021294191479682922	0.0021223602816462517	0.5255911319391962	1.2472129509121195
0.375	0	35	0.36346280574798584	0.027169672772288322	0.0028975498862564564	0.5147011232367007	1.2045653755902106
0.375	0	40	0.32414963841438293	0.026654614135622978	0.0030269469134509563	0.5162016023588554	1.2281126141974343
0.375	0	45	0.3400688171386719	0.024671586230397224	0.0029638567939400673	0.5110080352174514	1.2355429990084634
0.375	0	50	0.34392061829566956	0.03011755459010601	0.0035923935938626528	0.5163757625590847	1.2312538699913604
0.375	0	75	0.3703745901584625	0.031111007556319237	0.004221134353429079	0.5157936395609918	1.2208212736181712
0.375	0	100	0.42045682668685913	0.034619688987731934	0.005367466248571873	0.5352596073261916	1.187382566124843
0.375	0	125	0.43827688694000244	0.03281903266906738	0.0063812448643147945	0.5420119919022262	1.2038742853663258
0.375	0	150	0.4479110538959503	0.035382308065891266	0.009733878076076508	0.5973300687604124	1.2423643440563472
0.375	0	175	0.45916831493377686	0.03897693008184433	0.011064223945140839	0.6097553081131429	1.2436985270125558
0.375	0	200	0.47450265288352966	0.03830500692129135	0.012845869176089764	0.6339436543759489	1.312031861791569
0.375	0	225	0.5223332643508911	0.0444512665271759	0.013210326433181763	0.6629885611144248	1.309318560322538
0.375	0	250	0.4901534914970398	0.04123837128281593	0.01644672267138958	0.6518364359547628	1.3499337830554134
0.375	0	275	0.5050182938575745	0.04255084693431854	0.014785462990403175	0.7021304652763016	1.4152467267318571
0.375	0	300	0.40945887565612793	0.03286276012659073	0.01318005844950676	0.6624986667889172	1.3726072558735267
0.375	0	325	0.5102789998054504	0.043147917836904526	0.01541371364146471	0.6904493981634268	1.3691365346663358
0.375	0	350	0.5311564803123474	0.04041830822825432	0.015755997970700264	0.7147612829690273	1.412287431684982
0.375	0	375	0.5175096988677979	0.04614266753196716	0.015182765200734138	0.699961616594852	1.3820724444566437
0.375	0	400	0.5847597718238831	0.051876459270715714	0.017391905188560486	0.7304159185345502	1.362198908649167
0.375	0	425	0.5649842619895935	0.05334920808672905	0.01702820137143135	0.7110343956655362	1.3903759592077127
0.375	0	450	0.45093268156051636	0.0411258228123188	0.014137571677565575	0.704361873498428	1.436742552485904
0.375	0	475	0.564885139465332	0.05096043273806572	0.015071708709001541	0.7328831774382277	1.408997820638065
0.500	0	0	1.2643714626392466e-06	1.673256733170092e-08	4.749939996884223e-09	1.0032920739516367	2.2172455115163863
0.500	0	5	0.0928260087966919	0.009911864995956421	0.0009516373975202441	0.6766222336991088	1.5837007626031483
0.500	0	10	0.11779266595840454	0.008074386976659298	0.0008943334687501192	0.6624735141300594	1.5157088462089947
0.500	0	15	0.12597905099391937	0.003038903698325157	0.0004099606885574758	0.6400518080531039	1.4761511620323209
0.500	0	20	0.15528038144111633	0.003195007797330618	0.0007505846442654729	0.6174880895483169	1.4090136759160785
0.500	0	25	0.17819851636886597	0.004864771384745836	0.0010208217427134514	0.599311090163075	1.372073979847064
0.500	0	30	0.18281739950180054	0.0067372084595263	0.0013516655890271068	0.5919212978946707	1.366965231216641
0.500	0	35	0.16884538531303406	0.006497880443930626	0.001267945277504623	0.5955832490177436	1.3947308148074025
0.500	0	40	0.16720826923847198	0.008852582424879074	0.0014727246016263962	0.5935845819860118	1.389055247463568
0.500	0	45	0.17665429413318634	0.01030039880424738	0.0017233311664313078	0.5902691294366368	1.3728712606432827
0.500	0	50	0.17312049865722656	0.009340346790850163	0.0016483168583363295	0.5862143955518182	1.3701081174694771
0.500	0	75	0.17227381467819214	0.012897198088467121	0.0020868510473519564	0.6033789209739342	1.3809652691816898
0.500	0	100	0.1944093555212021	0.015624742023646832	0.0028399131260812283	0.6191444856829539	1.369008847467077
0.500	0	125	0.18292595446109772	0.015416079200804234	0.0025330709759145975	0.6398869788514394	1.4107373466348994
0.500	0	150	0.22749316692352295	0.019355561584234238	0.0031421890016645193	0.6626052756235611	1.414903341628381
0.500	0	175	0.24683324992656708	0.022847138345241547	0.0030498334672302008	0.6850959859242887	1.4311620638885105
0.500	0	200	0.25511741638183594	0.018727939575910568	0.003341602860018611	0.6898688123656592	1.4328397364914427
0.500	0	225	0.2298078089952469	0.02035376988351345	0.0036194752901792526	0.7285203837220904	1.4848239932733631
0.500	0	250	0.2469465434551239	0.022499511018395424	0.0033818369265645742	0.7285887205056847	1.4861047937303886
0.500	0	275	0.22800104320049286	0.018806565552949905	0.004270682577043772	0.7413929502186841	1.4969874250984097
0.500	0	300	0.27738434076309204	0.02438473328948021	0.005185021553188562	0.7631469916696864	1.5033361944321557
0.500	0	325	0.2509326636791229	0.020213745534420013	0.004968735855072737	0.7627811737728744	1.5358802765117305
0.500	0	350	0.30598846077919006	0.028640469536185265	0.0065332502126693726	0.7917289480829646	1.5455467281584059
0.500	0	375	0.27365317940711975	0.02809108980000019	0.00507662957534194	0.7803564499995101	1.5518415841692883
0.500	0	400	0.2467527538537979	0.028870142996311188	0.006666163448244333	0.7880821026224974	1.5812769462222522
0.500	0	425	0.2764234244823456	0.029620643705129623	0.007986691780388355	0.8108299900600409	1.57803848080025
0.500	0	450	0.24576972424983978	0.0267126876860857	0.006684454623609781	0.7995176787174224	1.6133368042481615
0.500	0	475	0.2639208734035492	0.025666221976280212	0.007617682684212923	0.8149280094493137	1.6219214429237003
0.000	1	0	3.8293069337669294e-07	6.03852123859383e-09	1.2672414229086826e-09	1.0790037111891717	1.9343084581617678
0.000	1	5	0.4081854820251465	0.0056052496656775475	0.0006336618680506945	0.5638606563328171	1.1959483889281575
0.000	1	10	0.7694308757781982	0.06714197248220444	0.0040812729857862	0.4115587267631694	0.8949534976318773
0.000	1	15	0.7966451644897461	0.08109118789434433	0.00959509052336216	0.373077530685125	0.8365794624275512
0.000	1	20	0.8016059994697571	0.10978399217128754	0.02776021510362625	0.30266126090074696	0.723314843363954
0.000	1	25	0.6128059029579163	0.12387470155954361	0.056026577949523926	0.2196608226845404	0.6562777484012488
0.000	1	30	0.7012040019035339	0.14458034932613373	0.06678657233715057	0.14651211298702724	0.4966388190993972
0.000	1	35	0.6648867726325989	0.1488886922597885	0.04304084926843643	0.12951582031316905	0.5252008426922946
0.000	1	40	0.7302408814430237	0.16967245936393738	0.04023442789912224	0.11755144089961135	0.48191346868410845
0.000	1	45	0.7380661368370056	0.13094797730445862	0.08248448371887207	0.10845836778866291	0.48225137794092565
0.000	1	50	0.6869882941246033	0.11084723472595215	0.07781590521335602	0.10139345218460054	0.5305433034851349
0.000	1	75	0.9464885592460632	0.1637870818376541	0.05684758722782135	0.08324394140484999	0.32626903506040666
0.000	1	100	0.8118099570274353	0.15126487612724304	0.03829167038202286	0.08134969844892927	0.3638015425915592
0.000	1	125	0.8936713933944702	0.16499675810337067	0.048849478363990784	0.06712271192077159	0.3046906048756226
0.000	1	150	0.8655306100845337	0.13614210486412048	0.05823606252670288	0.06650413680211562	0.30374138113663995
0.000	1	175	0.8633899092674255	0.1656283438205719	0.037016917020082474	0.058264755004225996	0.2908742706438015
0.000	1	200	1.0331063270568848	0.16905340552330017	0.05887646973133087	0.05713071109461833	0.22262047151671788
0.000	1	225	0.8421752452850342	0.14302584528923035	0.06089714914560318	0.05891412989694849	0.3050951604945661
0.000	1	250	0.9234797954559326	0.18101021647453308	0.03801538795232773	0.05024749837656066	0.2451355300745799
0.000	1	275	1.0257885456085205	0.17856311798095703	0.06641966104507446	0.04908928260678442	0.22478019676876548
0.000	1	300	0.9583314061164856	0.15680646896362305	0.06661808490753174	0.04601823252976188	0.25186129303575505
0.000	1	325	0.9664654731750488	0.17318935692310333	0.04900873079895973	0.044927094464187134	0.235526599568473
0.000	1	350	1.0324031114578247	0.1795283555984497	0.06882967054843903	0.04639652687432686	0.2183824125128428
0.000	1	375	1.0101170539855957	0.16570498049259186	0.06187896430492401	0.043798441989479034	0.24551834384051832
0.000	1	400	0.9580274224281311	0.13622120022773743	0.06939089298248291	0.04310006383206975	0.24250894067417214
0.000	1	425	0.9252234697341919	0.13918563723564148	0.07001079618930817	0.0453930225840144	0.27212442162585215
0.000	1	450	0.9412859678268433	0.12699733674526215	0.08040957897901535	0.04335674601809109	0.25858162847878824
0.000	1	475	0.9783995747566223	0.1293734759092331	0.09358663111925125	0.04297694146109857	0.2577734311780646
0.050	1	0	4.9978584684140515e-06	3.573063267481302e-08	1.1211315431580715e-08	2.609252593616986	5.146293233804652
0.050	1	5	0.36944374442100525	0.004859336651861668	0.0007976298220455647	0.5812733726055959	1.2438772238333697
0.050	1	10	0.5213487148284912	0.013880467042326927	0.0011232891120016575	0.49065779586918684	1.0890659216791632
0.050	1	15	0.7381214499473572	0.04702848196029663	0.007473491597920656	0.3892922379249657	0.8666598486376101
0.050	1	20	0.7509152889251709	0.08074440807104111	0.019621578976511955	0.3234568442646866	0.7540695637840573
0.050	1	25	0.6542474627494812	0.08785949647426605	0.03952430561184883	0.2567446878806828	0.6704517370121339
0.050	1	30	0.6761220097541809	0.10436183214187622	0.03301762416958809	0.21032551159997684	0.5711872677090869
0.050	1	35	0.7517121434211731	0.11848120391368866	0.029253700748085976	0.19083654053634125	0.5155754371196356
0.050	1	40	0.7533578276634216	0.11825204640626907	0.040182534605264664	0.16643414358235764	0.48163526635709575
0.050	1	45	0.6554659008979797	0.09496187418699265	0.03655035048723221	0.17620833554706314	0.5074189077051843
0.050	1	50	0.6785576343536377	0.09688569605350494	0.03629700094461441	0.1555793013846805	0.4804555669805975
0.050	1	75	0.7785359621047974	0.09274158626794815	0.05616885423660278	0.11385195327692202	0.40735899920360463
0.050	1	100	0.841329038143158	0.1084708496928215	0.05805811285972595	0.09787995881780728	0.3652676785359923
0.050	1	125	0.9024874567985535	0.11197640001773834	0.07001293450593948	0.0958464419776474	0.33940217162316394
0.050	1	150	0.8408965468406677	0.09686055779457092	0.06597743928432465	0.09171207762762651	0.3608587036810478
0.050	1	175	0.8100393414497375	0.10193280875682831	0.081090047955513	0.09174041148905589	0.354782845551505
0.050	1	200	0.7807389497756958	0.09283759444952011	0.07073795050382614	0.08874120445075884	0.3765626918177558
0.050	1	225	0.7695915102958679	0.10093798488378525	0.06623125821352005	0.08578611094416094	0.37053617617586
0.050	1	250	0.7878832221031189	0.09827002137899399	0.08201766759157181	0.08162802319880468	0.36316320654218714
0.050	1	275	0.7044787406921387	0.09406457096338272	0.06509454548358917	0.08315075625069786	0.4135659875637892
0.050	1	300	0.7283135652542114	0.1004500463604927	0.06838831305503845	0.07935878310912499	0.4055732955735225
0.050	1	325	0.7428970336914062	0.10135429352521896	0.0685410350561142	0.07684823333210249	0.3836515039982553
0.050	1	350	0.6979663968086243	0.09407516568899155	0.0716843530535698	0.07193898356331427	0.4103227694194294
0.050	1	375	0.7626367211341858	0.1032382994890213	0.07285406440496445	0.07602108986050776	0.39058791726452763
0.050	1	400	0.6897851228713989	0.09413132816553116	0.07501240074634552	0.07735099109635622	0.42385308516231857
0.050	1	425	0.7404953837394714	0.08572277426719666	0.09746391326189041	0.07576720276735488	0.40187105303613224
0.050	1	450	0.7356948256492615	0.09401961416006088	0.08800341188907623	0.07237760356890349	0.3985680938586417
0.050	1	475	0.7276931405067444	0.09298568964004517	0.08278840035200119	0.07142580731276449	0.4165223770668732
0.125	1	0	4.75546994493925e-06	2.9161396852828148e-08	9.081486673778727e-09	0.9993224275470292	2.1732156483090117
0.125	1	5	0.3068978786468506	0.006121177226305008	0.0008325802627950907	0.5920888705201343	1.2853192252506427
0.125	1	10	0.4326365888118744	0.010608615353703499	0.0009556612349115312	0.5165544199727624	1.1453847551530407
0.125	1	15	0.5649632811546326	0.03103470243513584	0.0026511908508837223	0.4460427201216319	0.9945482522211444
0.125	1	20	0.6894809603691101	0.05204356461763382	0.010646854527294636	0.39083501154544276	0.8961040338187326
0.125	1	25	0.602952778339386	0.05296935513615608	0.013897055760025978	0.36850529961916373	0.8945404725853948
0.125	1	30	0.5997315049171448	0.06049928441643715	0.019350692629814148	0.3428024553236249	0.8341538303660317
0.125	1	35	0.6663915514945984	0.07888254523277283	0.033941566944122314	0.28594303139859834	0.7175509874541465
0.125	1	40	0.5634602904319763	0.08220109343528748	0.0383734367787838	0.272862060368197	0.7891922443582234
0.125	1	45	0.6063862442970276	0.07655099779367447	0.03552410006523132	0.25154916332309396	0.7656352913622816
0.125	1	50	0.6176756024360657	0.08421485871076584	0.03416913002729416	0.23635949393132563	0.7153195417000464
0.125	1	75	0.6780665516853333	0.08922624588012695	0.0408492237329483	0.20776120816583804	0.6364018248125428
0.125	1	100	0.6424508094787598	0.07797236740589142	0.04765643551945686	0.1898402193096298	0.6557630018696383
0.125	1	125	0.7279159426689148	0.08460644632577896	0.04555309936404228	0.18752848592086266	0.5925821328255926
0.125	1	150	0.7387831211090088	0.08693291246891022	0.04170813038945198	0.18738944688464013	0.5730637383572939
0.125	1	175	0.6825581192970276	0.09826616942882538	0.03650097921490669	0.18494853026302932	0.6126808261883945
0.125	1	200	0.7367656230926514	0.09608864039182663	0.044850971549749374	0.19218522620997455	0.5922368336308718
0.125	1	225	0.6936155557632446	0.09034553915262222	0.04376795142889023	0.17543408604965866	0.605213184341727
0.125	1	250	0.8238319158554077	0.10629492998123169	0.04331008717417717	0.18334666533852456	0.5397662683415702
0.125	1	275	0.7721233367919922	0.09147271513938904	0.05323732644319534	0.1823100763546754	0.5719187011223622
0.125	1	300	0.7022055387496948	0.0876191034913063	0.04722549021244049	0.19129840470663834	0.641643056513595
0.125	1	325	0.7897738218307495	0.09746580570936203	0.05239570885896683	0.17267427554394815	0.5399956520180722
0.125	1	350	0.7689496874809265	0.10009847581386566	0.05446814373135567	0.18566543755942233	0.6103376590285841
0.125	1	375	0.6783518195152283	0.08056886494159698	0.05156305804848671	0.17496390952747679	0.5742515855958167
0.125	1	400	0.6982907056808472	0.07770074903964996	0.06220507621765137	0.19353390515792482	0.606228490175846
0.125	1	425	0.7846797704696655	0.07796037197113037	0.06949637085199356	0.16978011381542502	0.5171140854466844
0.125	1	450	0.719519317150116	0.06775382161140442	0.06731439381837845	0.18294690259949994	0.5949100072320911
0.125	1	475	0.7429280877113342	0.07662040740251541	0.06901341676712036	0.19224605841758738	0.5602322105381433
0.250	1	0	2.746500967987231e-06	2.4442618595799104e-08	6.76778499908437e-09	1.197232892494212	1.8759366423224864
0.250	1	5	0.20027220249176025	0.006621282547712326	0.0008874359773471951	0.6217286456051359	1.396431888827484
0.250	1	10	0.2831433117389679	0.00498145492747426	0.000936236756388098	0.5538113794884434	1.2597552462305488
0.250	1	15	0.33201608061790466	0.014169423840939999	0.0012624958762899041	0.5115099157670663	1.1896354675472758
0.250	1	20	0.4579106867313385	0.03384677693247795	0.0029005715623497963	0.46211522159345225	1.091695085849871
0.250	1	25	0.49942994117736816	0.03726836293935776	0.004732321947813034	0.4394772884046129	1.0607937936822085
0.250	1	30	0.5191918015480042	0.04003416374325752	0.007481295149773359	0.4328792391304446	1.0319430176445086
0.250	1	35	0.4982808530330658	0.040123939514160156	0.007842562161386013	0.4247803979698702	1.044801662641367
0.250	1	40	0.5779559016227722	0.047891464084386826	0.009051418863236904	0.4087989976035084	0.9950581868385456
0.250	1	45	0.5055856704711914	0.04746503755450249	0.011286511085927486	0.4202760109490239	1.0454821526453089
0.250	1	50	0.5473040342330933	0.05145188421010971	0.013439442031085491	0.403691701851557	1.0308608009946016
0.250	1	75	0.6009917855262756	0.05719510838389397	0.02179686352610588	0.4026990093126353	0.9845749130306775
0.250	1	100	0.5969352126121521	0.05862104520201683	0.021030958741903305	0.38262513401497156	1.004239096370775
0.250	1	125	0.5096821784973145	0.05632312223315239	0.016835326328873634	0.41245832337173244	1.0822573088575331
0.250	1	150	0.49824410676956177	0.05418069288134575	0.017994685098528862	0.3970105675675641	1.0825813864782405
0.250	1	175	0.5820416808128357	0.07390771061182022	0.022788336500525475	0.4304533418049989	1.1017307784638164
0.250	1	200	0.6181946396827698	0.08528486639261246	0.026589086279273033	0.4334621260299193	1.0611639216526063
0.250	1	225	0.6435098648071289	0.09195325523614883	0.03274127468466759	0.43634593153815365	1.096457921268813
0.250	1	250	0.6125913262367249	0.08662072569131851	0.03477925434708595	0.43520345246437603	1.1103853169160411
0.250	1	275	0.5825653076171875	0.07301576435565948	0.03519248217344284	0.42324651018520104	1.10612407116752
0.250	1	300	0.5854236483573914	0.07941436767578125	0.037564754486083984	0.4407105137433152	1.1398633973605408
0.250	1	325	0.5857271552085876	0.09458406269550323	0.04288256913423538	0.468997650356306	1.1405224300247405
0.250	1	350	0.6503202319145203	0.09215068072080612	0.04068071395158768	0.4605114638830264	1.1246076005065335
0.250	1	375	0.6122876405715942	0.08947720378637314	0.040940061211586	0.4586543235092386	1.1364690377409015
0.250	1	400	0.645615816116333	0.09120436012744904	0.03629213199019432	0.4383753660677387	1.045621219717089
0.250	1	425	0.6371838450431824	0.08837494254112244	0.03807467967271805	0.4706020917649967	1.084808862409729
0.250	1	450	0.7078373432159424	0.11305554956197739	0.04106998071074486	0.4681826340936347	1.1193264934169669
0.250	1	475	0.689643919467926	0.11028674989938736	0.04492238536477089	0.4932215791124662	1.1327286925609525
0.375	1	0	5.321376193023752e-06	3.5252206487257354e-08	9.947673795807077e-09	1.1136800493353944	2.6355381758922976
0.375	1	5	0.13260607421398163	0.009246052242815495	0.000888918642885983	0.6438262412170123	1.4817639490892374
0.375	1	10	0.18518361449241638	0.0052664801478385925	0.0008563640876673162	0.6097312527724307	1.3784457356210134
0.375	1	15	0.22349043190479279	0.00571628101170063	0.0010114220203831792	0.5751585670529306	1.3091930047204121
0.375	1	20	0.29043880105018616	0.010617746040225029	0.0016370152588933706	0.5490675540616844	1.2436726891215528
0.375	1	25	0.31605595350265503	0.016555530950427055	0.0020874955225735903	0.5296231701722383	1.231291822176982
0.375	1	30	0.2951451539993286	0.019135452806949615	0.00234594801440835	0.5246377515948567	1.2388046991466166
0.375	1	35	0.3246438205242157	0.02598561719059944	0.003296472365036607	0.5231078116330747	1.2153728034524836
0.375	1	40	0.3442632257938385	0.023808302357792854	0.0033092214725911617	0.5140455462113175	1.2139802632390397
0.375	1	45	0.3542455732822418	0.02541944943368435	0.003136939136311412	0.5093476917123968	1.208089116420137
0.375	1	50	0.33600372076034546	0.023672420531511307	0.003890116000548005	0.5211069600781179	1.219771159583065
0.375	1	75	0.38971075415611267	0.029852576553821564	0.006238732486963272	0.5155228659346538	1.2063597970153814
0.375	1	100	0.4453474283218384	0.04255755990743637	0.013272184878587723	0.5423295944500741	1.2361013521677533
0.375	1	125	0.46257829666137695	0.038059208542108536	0.01234352495521307	0.5757694743169496	1.2485237017335309
0.375	1	150	0.49190738797187805	0.04352951794862747	0.014890057034790516	0.6069873204369023	1.3026977130342532
0.375	1	175	0.5518665313720703	0.049968328326940536	0.018123362213373184	0.6521434467795457	1.3639197078132406
0.375	1	200	0.49740299582481384	0.04355857893824577	0.014712993986904621	0.6536024000970194	1.366642245255711
0.375	1	225	0.4934767186641693	0.04615899547934532	0.018433282151818275	0.6682078092290464	1.383809102403609
0.375	1	250	0.5492250919342041	0.05113162472844124	0.019176539033651352	0.6824680789796879	1.390737726579047
0.375	1	275	0.5247687697410583	0.044494856148958206	0.017564868554472923	0.6869763540355276	1.3861838362240766
0.375	1	300	0.5181902647018433	0.04163422808051109	0.0161229707300663	0.6799594659827116	1.3954044779608648
0.375	1	325	0.5672866106033325	0.049842722713947296	0.019750693812966347	0.6998521647353341	1.4188904462798817
0.375	1	350	0.5198227167129517	0.04573390260338783	0.01961388625204563	0.6862775405862102	1.4044982126183727
0.375	1	375	0.5529866814613342	0.04666268080472946	0.017628056928515434	0.6888718001843109	1.4145467433558123
0.375	1	400	0.6010385155677795	0.05344050005078316	0.022160647436976433	0.7522095323266339	1.4925506652718745
0.375	1	425	0.6125328540802002	0.0516817681491375	0.018803194165229797	0.7100060742876856	1.4156251669975861
0.375	1	450	0.6361755728721619	0.054398391395807266	0.02232205681502819	0.7299916117203931	1.4474462824018879
0.375	1	475	0.5828098654747009	0.0517183281481266	0.02098103053867817	0.7269051817185895	1.4459252979045027
0.500	1	0	3.4871188745455584e-06	1.8011967028996878e-08	1.2056996290255029e-08	1.1692764094198236	2.764569198700555
0.500	1	5	0.10511701554059982	0.009441372938454151	0.0012082615867257118	0.6750149812216467	1.5806548951990318
0.500	1	10	0.13528470695018768	0.008588414639234543	0.0009686590638011694	0.6503766000372776	1.4918890576695452
0.500	1	15	0.13586828112602234	0.0025905692018568516	0.0005361511721275747	0.6342624689503018	1.4487995450311069
0.500	1	20	0.16753311455249786	0.004089965485036373	0.0009322804980911314	0.6074820667298132	1.389592239447872
0.500	1	25	0.18245594203472137	0.005782788153737783	0.0011894510826095939	0.6037054775570658	1.3599494134226553
0.500	1	30	0.17083700001239777	0.007481848821043968	0.001354634528979659	0.6012625590445455	1.3855749134332933
0.500	1	35	0.16402989625930786	0.007485479582101107	0.0013735259417444468	0.5981295026769068	1.3941130854011625
0.500	1	40	0.20415590703487396	0.010202997364103794	0.0019164460245519876	0.5777330276043728	1.3440687704961574
0.500	1	45	0.16135475039482117	0.009062232449650764	0.0015015513636171818	0.5929004949920125	1.3956829814412315
0.500	1	50	0.16642047464847565	0.009794501587748528	0.0015885338652879	0.5931268196399844	1.386559948392998
0.500	1	75	0.1522100418806076	0.011283895000815392	0.0015820388216525316	0.6086482962193213	1.407940003779548
0.500	1	100	0.21798217296600342	0.016754405573010445	0.0023989053443074226	0.600213980573753	1.3373784564663926
0.500	1	125	0.2377271056175232	0.021469587460160255	0.0029666984919458628	0.6172550882549518	1.3457259981809973
0.500	1	150	0.2110578417778015	0.016428902745246887	0.0024900254793465137	0.6402722265075557	1.3913742218555447
0.500	1	175	0.22965480387210846	0.017388030886650085	0.0023701523896306753	0.6526455118501622	1.388994326178964
0.500	1	200	0.3159428834915161	0.02574441209435463	0.0032647754997015	0.6683160390496433	1.384226445502952
0.500	1	225	0.2334870547056198	0.02167707309126854	0.002622585278004408	0.691248768761894	1.4430391223207504
0.500	1	250	0.29165634512901306	0.02429787814617157	0.0030842626001685858	0.68083652213124	1.4144666258024028
0.500	1	275	0.3282249867916107	0.026558145880699158	0.0036194631829857826	0.6923765050248132	1.4080246515332542
0.500	1	300	0.28930383920669556	0.0223091971129179	0.004317225888371468	0.7114079545723877	1.4373099681998183
0.500	1	325	0.31488683819770813	0.02395208738744259	0.00484705064445734	0.7232659547679339	1.4443294430498839
0.500	1	350	0.30201610922813416	0.026983780786395073	0.0037734913639724255	0.7446478176938168	1.4921648276466648
0.500	1	375	0.2633817493915558	0.02088308334350586	0.004141347948461771	0.7333121553201062	1.4896367047691081
0.500	1	400	0.32385337352752686	0.02729528583586216	0.005564055871218443	0.7407567120235015	1.492858991172149
0.500	1	425	0.2932095527648926	0.02718784473836422	0.005268016830086708	0.7739519606429797	1.5380991668259927
0.500	1	450	0.3029513657093048	0.026362309232354164	0.004920440725982189	0.7539894341527953	1.50680701332927
0.500	1	475	0.29517003893852234	0.02753441035747528	0.005906666629016399	0.7842434347228306	1.5386479812351668
