0.000	0	0	2.323097987755318e-06	5.878920017465816e-09	3.1993063753787965e-09	3.1191402028296187	2.713870480897471
0.000	0	5	0.6899867653846741	0.009087875485420227	0.0009742073016241193	0.4830347964440295	1.0902291702379823
0.000	0	10	0.8691028952598572	0.07252591848373413	0.030641604214906693	0.28713867565278844	0.6426944998397206
0.000	0	15	0.9703842401504517	0.09114149957895279	0.09140372276306152	0.10344790124990375	0.2830077326668568
0.000	0	20	0.9540480971336365	0.12870386242866516	0.08424245566129684	0.08665005769497554	0.25200851952875974
0.000	0	25	0.9851946830749512	0.11594901978969574	0.10184989124536514	0.07023515460227855	0.2077273070237627
0.000	0	30	1.0881112813949585	0.14983271062374115	0.08733341842889786	0.08285123833763383	0.22056201233141745
0.000	0	35	0.8972111344337463	0.1264720857143402	0.06854040175676346	0.06346332935655569	0.2473198857231801
0.000	0	40	0.8283839821815491	0.15521273016929626	0.04897261783480644	0.05879568973486266	0.28297362197628134
0.000	0	45	0.829158365726471	0.1265805959701538	0.06245257705450058	0.0563874755167793	0.2824596714572881
0.000	0	50	0.9563823938369751	0.1530279964208603	0.09050425887107849	0.07064967713192583	0.21696697053533534
0.000	0	75	0.8742047548294067	0.1374361664056778	0.0903361588716507	0.04697951386113678	0.2602791813197672
0.000	0	100	0.9758385419845581	0.14463981986045837	0.09579217433929443	0.04457004935581043	0.2258255518980847
0.000	0	125	0.8814328908920288	0.1346948891878128	0.09900166094303131	0.03852022710849427	0.25421984258926905
0.000	0	150	0.9728924632072449	0.14972256124019623	0.09721428155899048	0.03515899465452727	0.21617052199068854
0.000	0	175	0.9231449961662292	0.15303798019886017	0.08115372806787491	0.035843310608117476	0.24464927495168115
0.000	0	200	1.0185216665267944	0.15471090376377106	0.09906541556119919	0.02985328811685375	0.21237583309932134
0.000	0	225	0.9453181028366089	0.15493564307689667	0.0894409641623497	0.026556367132685155	0.24328220725065317
0.000	0	250	1.0383508205413818	0.17709319293498993	0.10720328986644745	0.026203590672255056	0.23264099154117038
0.000	0	275	0.9477373957633972	0.1558549404144287	0.10266708582639694	0.024516769373110776	0.2773714523169217
0.000	0	300	0.9696861505508423	0.15319089591503143	0.10077355802059174	0.024111384167445054	0.2657159246374965
0.000	0	325	1.0104732513427734	0.16330698132514954	0.09701542556285858	0.02208936124699888	0.27851589625431783
0.000	0	350	0.941223680973053	0.17312704026699066	0.09076941758394241	0.020477035349529507	0.3059650625178666
0.000	0	375	0.9829273223876953	0.16663764417171478	0.10321985930204391	0.01889162066704608	0.3126754848388122
0.000	0	400	0.9828023910522461	0.17264485359191895	0.0941515862941742	0.018758352540039602	0.33481419664576534
0.000	0	425	0.9768099784851074	0.18568240106105804	0.08983065187931061	0.016987620047254737	0.3772564792854671
0.000	0	450	1.0258961915969849	0.21099801361560822	0.07346213608980179	0.015652504551953363	0.352792866412575
0.000	0	475	0.9258038997650146	0.20219120383262634	0.06258570402860641	0.015090749697969936	0.4045401207050621
0.050	0	0	3.9753408600518014e-06	2.5538115622225632e-08	1.034321961412843e-08	3.358156743193987	6.173995848167613
0.050	0	5	0.5805650949478149	0.005820506252348423	0.0009576779557392001	0.5130727286631053	1.1009916473138397
0.050	0	10	0.6645756363868713	0.05391543358564377	0.007229669019579887	0.3278575475999883	0.7748156653847058
0.050	0	15	0.8690605163574219	0.10013525187969208	0.05395301803946495	0.15893836119772087	0.4009734997624493
0.050	0	20	0.8530950546264648	0.11308670789003372	0.06396184861660004	0.13184407497932724	0.3417904192656529
0.050	0	25	1.018566370010376	0.14288263022899628	0.07043999433517456	0.14188185346007803	0.41163507732555926
0.050	0	30	1.0080646276474	0.11445832997560501	0.07288679480552673	0.09908229103880817	0.3205597781679573
0.050	0	35	0.8971545100212097	0.1185135617852211	0.04281181842088699	0.09239138295952773	0.363129596154386
0.050	0	40	0.8465569019317627	0.11090100556612015	0.05018387734889984	0.08592281204051176	0.3872898077062055
0.050	0	45	0.9065542817115784	0.10350647568702698	0.06349553167819977	0.08087428314198758	0.3456450687960966
0.050	0	50	0.8296005725860596	0.11989358067512512	0.053496867418289185	0.08848654312565261	0.3962562875439586
0.050	0	75	0.7602377533912659	0.10892844945192337	0.056789547204971313	0.08519219031951268	0.5099372214113247
0.050	0	100	0.7329615950584412	0.08402235805988312	0.06525440514087677	0.06725264076201977	0.4934205441702102
0.050	0	125	0.6483723521232605	0.08473440259695053	0.07094354927539825	0.07129020052268516	0.5485323389877568
0.050	0	150	0.7651576399803162	0.1029621809720993	0.07104320824146271	0.05879231374827906	0.40270938025992326
0.050	0	175	0.7148294448852539	0.12308715283870697	0.057637982070446014	0.056714108215627224	0.46823598380779174
0.050	0	200	0.7713719010353088	0.139078751206398	0.06893888115882874	0.05591485171355206	0.4399110533452446
0.050	0	225	0.8180047869682312	0.11711011826992035	0.1142139732837677	0.056348177196640856	0.3684951640120672
0.050	0	250	0.7960941791534424	0.13281291723251343	0.08955597877502441	0.05308879930576015	0.41395802663537995
0.050	0	275	0.8408743739128113	0.1386767327785492	0.0989304855465889	0.044785650186475366	0.3548786531252156
0.050	0	300	0.8389479517936707	0.13864101469516754	0.09776455909013748	0.048205712372586015	0.42320609316129826
0.050	0	325	0.838648796081543	0.12293502688407898	0.08994851261377335	0.04300717320874767	0.36475761955231334
0.050	0	350	0.862724244594574	0.1523798406124115	0.09703852981328964	0.045453727007243226	0.3702866782046908
0.050	0	375	0.842556357383728	0.14869210124015808	0.09056974202394485	0.044507337477426724	0.4115512714777951
0.050	0	400	0.8231347799301147	0.13521471619606018	0.1008465588092804	0.04289062066544645	0.4030174745852314
0.050	0	425	0.8999066352844238	0.13228121399879456	0.09493639320135117	0.04110313977996711	0.34475328798063143
0.050	0	450	0.8780228495597839	0.15317091345787048	0.09183238446712494	0.038187822527109665	0.3592943296509304
0.050	0	475	0.8738089203834534	0.1437501311302185	0.09276246279478073	0.04367613803295659	0.3473350774743339
0.125	0	0	2.4082467007247033e-06	1.969549145997007e-08	9.958157853873217e-09	1.015663576996291	2.034040084741365
0.125	0	5	0.39923787117004395	0.004075915552675724	0.0008289036923088133	0.5546450726264556	1.2024743422971822
0.125	0	10	0.679013192653656	0.051091089844703674	0.004481883253902197	0.3839750608375347	0.9162670504302516
0.125	0	15	0.9105420112609863	0.10484548658132553	0.0258958600461483	0.24527288135935885	0.6229527704459374
0.125	0	20	0.9831000566482544	0.13258112967014313	0.04680585488677025	0.20399879946175065	0.5652959649659982
0.125	0	25	0.9211196303367615	0.10771286487579346	0.042332883924245834	0.17181872698416245	0.532340263117942
0.125	0	30	0.9136866331100464	0.11282993108034134	0.05161882936954498	0.21432329630115787	0.5806185431097675
0.125	0	35	0.7526267766952515	0.09764673560857773	0.04731360822916031	0.17160370306130454	0.586499913636418
0.125	0	40	0.7572564482688904	0.09489463269710541	0.0486476831138134	0.19359256095157015	0.6462112389371953
0.125	0	45	0.7843915820121765	0.11227740347385406	0.054885245859622955	0.19526705596380625	0.6397675436855135
0.125	0	50	0.745624840259552	0.09573879837989807	0.04719934239983559	0.2142095110709821	0.721651435686591
0.125	0	75	0.717846155166626	0.09744305908679962	0.04435456544160843	0.1929432051421111	0.688275882993707
0.125	0	100	0.8628084659576416	0.11613450944423676	0.056438252329826355	0.14885822069761495	0.5010772269584329
0.125	0	125	0.7498979568481445	0.1239108219742775	0.05273106321692467	0.17707011948776727	0.5744014153010916
0.125	0	150	0.8321954607963562	0.1131168007850647	0.05752495303750038	0.1401704246571024	0.4872944780585508
0.125	0	175	0.7450025081634521	0.12590911984443665	0.06679312884807587	0.15676831938338467	0.563447012127809
0.125	0	200	0.8653581738471985	0.14306364953517914	0.0864417776465416	0.17845648948391885	0.5471591735984911
0.125	0	225	0.7758850455284119	0.1355614811182022	0.06741013377904892	0.15317939473758768	0.5649391481128386
0.125	0	250	0.7716602087020874	0.14720968902111053	0.0905100405216217	0.19006571282809415	0.6864062069315062
0.125	0	275	0.8749594688415527	0.15649110078811646	0.07980045676231384	0.17706116371064118	0.49399752002170105
0.125	0	300	0.7750853300094604	0.14512601494789124	0.0701950192451477	0.1710036813123443	0.5871728877312375
0.125	0	325	0.8914678692817688	0.1790386140346527	0.0843750461935997	0.18453119933090964	0.5599783268300982
0.125	0	350	0.7925872802734375	0.13345889747142792	0.08691906929016113	0.17591673146781106	0.577259969302087
0.125	0	375	0.8906736969947815	0.15541015565395355	0.08628413081169128	0.17856530011615565	0.4901453094546932
0.125	0	400	0.8812215924263	0.149963840842247	0.08227984607219696	0.2024736994562374	0.571605734231361
0.125	0	425	0.8995299935340881	0.15986140072345734	0.09414292126893997	0.17309148639284055	0.5677694458048926
0.125	0	450	0.8434932231903076	0.15593798458576202	0.08076157420873642	0.18457567201789457	0.6182781943680585
0.125	0	475	0.9288889169692993	0.16511055827140808	0.0833861380815506	0.17596917680569724	0.5163361672709854
0.250	0	0	2.1439368538267445e-06	8.726605216224925e-09	6.269594621244323e-09	2.180620045380264	4.508849790645736
0.250	0	5	0.36691784858703613	0.00437330873683095	0.0010540852090343833	0.5652618780768632	1.2279534548709268
0.250	0	10	0.44121116399765015	0.019345669075846672	0.002225639997050166	0.4787265612305221	1.093272150363857
0.250	0	15	0.4882804751396179	0.039403822273015976	0.00535565335303545	0.44708373329201806	1.0602515430581145
0.250	0	20	0.8591222763061523	0.08744361251592636	0.019548755139112473	0.4237270922385296	0.9984369039306422
0.250	0	25	0.8390204310417175	0.08087500929832458	0.026073532178997993	0.4145111760139027	0.9669850190089064
0.250	0	30	0.7450870871543884	0.08986120671033859	0.03057699464261532	0.4225466374527883	1.0130107837907176
0.250	0	35	0.7265651822090149	0.10655781626701355	0.032264478504657745	0.453124849349825	1.0949022343113632
0.250	0	40	0.6846022009849548	0.0778362974524498	0.03237032890319824	0.43867855194115596	1.0772146681410966
0.250	0	45	0.6439985036849976	0.06998063623905182	0.027629029005765915	0.43963986202646965	1.0887387714534429
0.250	0	50	0.8422614932060242	0.09895410388708115	0.03313632309436798	0.4873510024919954	1.117238550082143
0.250	0	75	0.8618929386138916	0.11409827321767807	0.044579945504665375	0.5622992399890971	1.1729229514073636
0.250	0	100	0.6347195506095886	0.08096664398908615	0.03633866086602211	0.4600704741457026	1.0688531555525407
0.250	0	125	0.8126746416091919	0.13907073438167572	0.06207161769270897	0.5928637111684363	1.265485688119147
0.250	0	150	0.6879486441612244	0.1252787858247757	0.06687726825475693	0.5804614123561829	1.2260461512795242
0.250	0	175	0.6579956412315369	0.11756781488656998	0.056057848036289215	0.5172431361897085	1.1237567221407003
0.250	0	200	0.7852838039398193	0.1623077392578125	0.0608832947909832	0.6219241706468441	1.2064804876360842
0.250	0	225	0.7146468758583069	0.12424693256616592	0.06300537288188934	0.5297358188655964	1.0739568460508297
0.250	0	250	0.7441838383674622	0.13310644030570984	0.0734180137515068	0.5654852302161611	1.1164358631693228
0.250	0	275	0.6456470489501953	0.14059491455554962	0.061496101319789886	0.5340002309836464	1.1922920265289263
0.250	0	300	0.6616826057434082	0.13517345488071442	0.07918897271156311	0.5402939138906654	1.1819569661024711
0.250	0	325	0.7524740695953369	0.14990240335464478	0.08380623161792755	0.6354608839622442	1.2785291857449415
0.250	0	350	0.716209888458252	0.1665317565202713	0.06971559673547745	0.6106990010495432	1.268612863380398
0.250	0	375	0.7319839000701904	0.14106208086013794	0.07017521560192108	0.5179072828167788	1.0699657763185328
0.250	0	400	0.8080504536628723	0.16496236622333527	0.07622236758470535	0.5787433091320129	1.0947846201402203
0.250	0	425	0.6925809979438782	0.1605420708656311	0.06948907673358917	0.5896033075268741	1.2193550058940947
0.250	0	450	0.6780130863189697	0.12659941613674164	0.07927163690328598	0.5364325469109328	1.1276634141913668
0.250	0	475	0.6890394687652588	0.16313402354717255	0.06965374946594238	0.6151136622400856	1.1748352204270747
0.375	0	0	3.940660917578498e-06	5.20260412528728e-09	2.497647200172537e-09	1.409431909364865	1.8764898003284822
0.375	0	5	0.21993979811668396	0.001445820671506226	0.00035579141695052385	0.603450341566919	1.3474756549066236
0.375	0	10	0.24587753415107727	0.007237509358674288	0.0005989921628497541	0.5630501616881617	1.2809457987118682
0.375	0	15	0.3392944931983948	0.023093605414032936	0.003208209527656436	0.5352372175807386	1.1900671645642786
0.375	0	20	0.4287879168987274	0.03519537299871445	0.0052485777996480465	0.5092744019067951	1.1582769718564951
0.375	0	25	0.42700397968292236	0.03412206843495369	0.004463384859263897	0.5132904086318478	1.1795144370080288
0.375	0	30	0.3633352518081665	0.028668753802776337	0.0072852070443332195	0.5177788959642177	1.2430505086856276
0.375	0	35	0.49245530366897583	0.04418047517538071	0.010041034780442715	0.5486169117859716	1.3318797487540452
0.375	0	40	0.47715309262275696	0.04466445744037628	0.012137465178966522	0.5689810434423026	1.391011098215799
0.375	0	45	0.4999776780605316	0.05229761824011803	0.013496463187038898	0.6113523068937069	1.4522099651128786
0.375	0	50	0.612677812576294	0.05719437822699547	0.01203660387545824	0.7090659338230438	1.4890247400165884
0.375	0	75	0.6143643260002136	0.06776764988899231	0.01810333877801895	0.7971570164841015	1.6776891328234844
0.375	0	100	0.6015903949737549	0.0778309777379036	0.022275783121585846	0.9027473026263625	1.8140745343057565
0.375	0	125	0.6501699686050415	0.09485746175050735	0.023905396461486816	1.0438611479503392	2.008187923926539
0.375	0	150	0.5748199224472046	0.0982518196105957	0.026538465172052383	0.9817255947822942	1.927360250010109
0.375	0	175	0.5628147721290588	0.08864031732082367	0.03321836516261101	0.9212496272201596	1.724011084028817
0.375	0	200	0.5356674194335938	0.09519495815038681	0.03427352383732796	0.9590020225042086	1.8728929780804533
0.375	0	225	0.5532053709030151	0.0938674584031105	0.03671200945973396	1.0216741920955474	1.9576606025163221
0.375	0	250	0.5128933191299438	0.1025664433836937	0.039142727851867676	0.9645821346193537	1.8748269546514311
0.375	0	275	0.6064949035644531	0.10835548490285873	0.04621594399213791	1.037101089021419	1.7910432762552873
0.375	0	300	0.6060785055160522	0.10593004524707794	0.04785666614770889	1.0011221393882574	1.8993230933801626
0.375	0	325	0.5656411647796631	0.12566137313842773	0.05515902861952782	1.0372552370252677	1.9302852218997584
0.375	0	350	0.5909992456436157	0.11834454536437988	0.05025960132479668	1.0054460562459753	1.9256052072563126
0.375	0	375	0.5155109167098999	0.10394476354122162	0.053767941892147064	1.0040553421505112	1.9885116649381365
0.375	0	400	0.5617049932479858	0.11633417755365372	0.05216652527451515	1.0089951183405044	1.8847522342962202
0.375	0	425	0.5580515265464783	0.1058148443698883	0.05651004612445831	0.9857612573811241	1.9139410373902015
0.375	0	450	0.5965946912765503	0.12054443359375	0.05671476200222969	1.0175153045440037	1.8733491634585573
0.375	0	475	0.46033117175102234	0.10402969270944595	0.04939434304833412	0.9571378219776348	1.8973393525685864
0.500	0	0	5.342281838238705e-06	7.954668923559893e-09	1.536204274898978e-09	1.324531684499009	1.8699740334017367
0.500	0	5	0.170106902718544	0.0021796131040900946	0.00044031505240127444	0.6399276749644738	1.4217435256914455
0.500	0	10	0.2982584536075592	0.005745214875787497	0.0008654147386550903	0.5764009217304076	1.265254107863801
0.500	0	15	0.2386002093553543	0.013156125321984291	0.0008679674938321114	0.5856847082881877	1.2992025612514977
0.500	0	20	0.26843926310539246	0.026309095323085785	0.001919422298669815	0.5882729728506257	1.2856115069281886
0.500	0	25	0.21624119579792023	0.02712983824312687	0.001554348273202777	0.6138162101862984	1.3355823349589067
0.500	0	30	0.23165878653526306	0.03207133337855339	0.002145240781828761	0.6126050272820659	1.315725602991618
0.500	0	35	0.26235654950141907	0.04100324958562851	0.0022509247064590454	0.6012970199158358	1.3262698923912637
0.500	0	40	0.3082181513309479	0.04242100939154625	0.0026607827749103308	0.6259837981714111	1.3147576825985217
0.500	0	45	0.3058193624019623	0.05076322704553604	0.003451097523793578	0.6702490813811487	1.3912758304817834
0.500	0	50	0.2555125057697296	0.03565869480371475	0.00322886579670012	0.6664042851818522	1.4442279373437048
0.500	0	75	0.3694928288459778	0.056782450526952744	0.005589161533862352	0.8609988349106644	1.7029625042357233
0.500	0	100	0.2779359817504883	0.046783167868852615	0.00582376541569829	0.9123305198977998	1.8867335485815406
0.500	0	125	0.38713333010673523	0.05975888669490814	0.008705029264092445	1.0070972800754094	1.9603343316709076
0.500	0	150	0.39697209000587463	0.08051402866840363	0.01170977484434843	1.1393258556899923	2.2297921695750427
0.500	0	175	0.364386647939682	0.06743991374969482	0.011051048524677753	1.1127280553391132	2.163980205864819
0.500	0	200	0.4286329448223114	0.0626797005534172	0.012126236222684383	1.0628088864669907	2.1172042023555173
0.500	0	225	0.41973620653152466	0.06998094171285629	0.011572915129363537	1.154315256138242	2.2203133176013807
0.500	0	250	0.47064799070358276	0.08470189571380615	0.014227550476789474	1.2308569441917154	2.353052608303854
0.500	0	275	0.40604346990585327	0.07406751811504364	0.01099565252661705	1.1163250455340192	2.2134194201893966
0.500	0	300	0.44131913781166077	0.0788014754652977	0.012962906621396542	1.1076248235223654	2.207285904008851
0.500	0	325	0.44867831468582153	0.09426374733448029	0.019321495667099953	1.304217383562188	2.457906281595235
0.500	0	350	0.47199389338493347	0.08440132439136505	0.017369279637932777	1.1791422403103824	2.3007264309065323
0.500	0	375	0.4284754991531372	0.07873909175395966	0.0188306737691164	1.1596594096542925	2.2694743784868754
0.500	0	400	0.38083168864250183	0.0751369521021843	0.016147637739777565	1.1135632645453024	2.172782977935416
0.500	0	425	0.4707217514514923	0.10452689230442047	0.02402668632566929	1.271497950697199	2.4494343584810654
0.500	0	450	0.5101434588432312	0.08832941949367523	0.021836813539266586	1.2116375623815578	2.3679330054917282
0.500	0	475	0.46243351697921753	0.08933771401643753	0.019925473257899284	1.206566260193398	2.3407781263340834
0.000	1	0	1.318928980253986e-06	6.795867868447658e-09	2.5418831484103066e-09	3.195804770781565	2.7617936702760697
0.000	1	5	0.6374905109405518	0.019334323704242706	0.0009645004756748676	0.495777311762169	1.1283564072787267
0.000	1	10	0.9764341711997986	0.08738499879837036	0.05598147213459015	0.1858563782761563	0.44472603344610184
0.000	1	15	0.972283124923706	0.10497024655342102	0.12288416177034378	0.11816149707745936	0.281950081724185
0.000	1	20	1.0183064937591553	0.15408720076084137	0.06747064739465714	0.0841891422114007	0.23462477164175535
0.000	1	25	1.116652250289917	0.21501050889492035	0.051821961998939514	0.09507358070257158	0.23302735199542418
0.000	1	30	0.9791802167892456	0.17911480367183685	0.06556742638349533	0.06381524460472428	0.22924982163961233
0.000	1	35	0.852927565574646	0.16291098296642303	0.056044306606054306	0.06167600279617119	0.2651150492490416
0.000	1	40	0.8063463568687439	0.12870164215564728	0.06261815130710602	0.06404859845986358	0.3113646069718
0.000	1	45	1.011682391166687	0.18556562066078186	0.07150717824697495	0.07244661662565544	0.25816374174672213
0.000	1	50	0.881546139717102	0.17128974199295044	0.05068586766719818	0.054601350501033326	0.26853718200721743
0.000	1	75	0.7874249219894409	0.14601530134677887	0.04600952938199043	0.04930249641057892	0.30987171877521247
0.000	1	100	0.8479998111724854	0.17986926436424255	0.0485965833067894	0.04324730920114333	0.2721692653843335
0.000	1	125	0.7873086333274841	0.13572117686271667	0.07401354610919952	0.04317804996972143	0.3539326408444564
0.000	1	150	0.8310901522636414	0.16238729655742645	0.0727587565779686	0.03590095192195	0.29050302623663443
0.000	1	175	0.8869194984436035	0.17114415764808655	0.07999818027019501	0.031186911238809383	0.3063887061945871
0.000	1	200	1.0145254135131836	0.1913297325372696	0.08529624342918396	0.04118419206976883	0.2647209447739202
0.000	1	225	0.8155506253242493	0.20173005759716034	0.07665819674730301	0.032554353237694886	0.39278383971828584
0.000	1	250	0.737663209438324	0.17061220109462738	0.06561540067195892	0.03272299689199632	0.43133517840444574
0.000	1	275	0.8526756167411804	0.20142711699008942	0.07237472385168076	0.0250244493618021	0.40984820145912126
0.000	1	300	0.950694739818573	0.20184952020645142	0.08387771993875504	0.027419900288225444	0.40243934036717627
0.000	1	325	0.8806379437446594	0.19858983159065247	0.08225435018539429	0.022797679226544545	0.4316312616927349
0.000	1	350	0.9072315692901611	0.20707525312900543	0.07792697101831436	0.021815969777474815	0.4413079503024516
0.000	1	375	0.9117096662521362	0.20400477945804596	0.07790909707546234	0.020611387230145828	0.4101902454665867
0.000	1	400	0.8142647743225098	0.1975713074207306	0.07063707709312439	0.02105649106509752	0.5131043605814625
0.000	1	425	0.9614126086235046	0.2351340353488922	0.0762043222784996	0.022874062205115692	0.4305325659831266
0.000	1	450	0.8710339665412903	0.20965074002742767	0.07326577603816986	0.017456955776579196	0.4576379736855548
0.000	1	475	0.9029441475868225	0.18148449063301086	0.10120917856693268	0.019735794480935223	0.4053083650525704
0.050	1	0	1.3344607623366755e-06	1.6234159572192652e-09	1.5925133434180339e-09	1.0277042391095657	2.0032054710762948
0.050	1	5	0.48657506704330444	0.006184193771332502	0.0009060478769242764	0.5233877778842323	1.1227965467197254
0.050	1	10	1.0452992916107178	0.08302021026611328	0.01786765083670616	0.26844052459979684	0.6349485240456421
0.050	1	15	0.886191725730896	0.09872908145189285	0.06814003735780716	0.14660661590781832	0.36605763438909544
0.050	1	20	1.0080090761184692	0.09260988980531693	0.06159432604908943	0.1242701664536583	0.3412486288470658
0.050	1	25	0.8598838448524475	0.11645549535751343	0.07115879654884338	0.11197057060001384	0.3412413298264179
0.050	1	30	0.8191035389900208	0.09755538403987885	0.06667278707027435	0.10004580075827095	0.3446468582247124
0.050	1	35	0.8900682926177979	0.09568215161561966	0.0805669054389	0.0947189518841501	0.31447624562486803
0.050	1	40	0.9808541536331177	0.1423642486333847	0.06664525717496872	0.09987315372060779	0.35883048746779606
0.050	1	45	0.8084186911582947	0.11136030405759811	0.05498141422867775	0.10072161471670349	0.43687624065380215
0.050	1	50	0.9219680428504944	0.10631288588047028	0.05984670668840408	0.09371388006495147	0.3380414023438917
0.050	1	75	0.7104253768920898	0.10495162755250931	0.045333828777074814	0.08060352054983597	0.4720633164733949
0.050	1	100	0.8133955597877502	0.09855491667985916	0.06787419319152832	0.08158680122967496	0.38077420687728575
0.050	1	125	0.7527871131896973	0.12817305326461792	0.059740789234638214	0.06440876490984296	0.45372579094329507
0.050	1	150	0.7546560168266296	0.09190373867750168	0.07389836758375168	0.05712112512322661	0.4362438829115003
0.050	1	175	0.817913293838501	0.11307021230459213	0.053226254880428314	0.053139432789607255	0.351804934290989
0.050	1	200	0.70718914270401	0.11476678401231766	0.055357154458761215	0.05381737163008857	0.4311906373379441
0.050	1	225	0.745299220085144	0.12918077409267426	0.05055028572678566	0.047620517357139826	0.40577405510252396
0.050	1	250	0.7268859148025513	0.13200873136520386	0.04696447402238846	0.049546041472457565	0.40968226347183323
0.050	1	275	0.7850189805030823	0.13023853302001953	0.07976794242858887	0.04764600391141257	0.3847594768471679
0.050	1	300	0.8336367011070251	0.16567952930927277	0.07101838290691376	0.059434050422850604	0.38466666349340245
0.050	1	325	0.8626736402511597	0.123082235455513	0.09223124384880066	0.040436459503519005	0.29856972989978453
0.050	1	350	0.9232593774795532	0.1714228391647339	0.09771046042442322	0.04683196375093005	0.3100483124128244
0.050	1	375	0.9469600915908813	0.14031703770160675	0.11731880158185959	0.04311070865569477	0.3078549005682252
0.050	1	400	0.8804079294204712	0.1341279298067093	0.07929093390703201	0.043271826347477796	0.29622534135148404
0.050	1	425	0.9913777709007263	0.16513215005397797	0.0910395085811615	0.04415971583195602	0.2782474041052339
0.050	1	450	0.9093440175056458	0.14222358167171478	0.09685255587100983	0.0412201069948508	0.27587124578300937
0.050	1	475	0.9444458484649658	0.18263429403305054	0.07104514539241791	0.04420926747947297	0.3123616608791317
0.125	1	0	2.305841917404905e-06	1.0401580041730085e-08	5.362643662465416e-09	1.04437286581709	2.427103805832291
0.125	1	5	0.4606078267097473	0.005131561309099197	0.0009567025117576122	0.5511593352843437	1.2030573556306807
0.125	1	10	0.7239185571670532	0.040445297956466675	0.006555183324962854	0.3943825069393377	0.9007289740411397
0.125	1	15	0.6773281693458557	0.07484650611877441	0.025373639538884163	0.2566270349643183	0.6677042214037451
0.125	1	20	0.8407637476921082	0.11882513016462326	0.036970894783735275	0.187358611008061	0.5270744022216892
0.125	1	25	0.8926751017570496	0.10415900498628616	0.05206453055143356	0.2254514974584942	0.6163137265396973
0.125	1	30	0.8057366013526917	0.10468239337205887	0.043310001492500305	0.17884462038639348	0.5532524784900137
0.125	1	35	0.9053176045417786	0.10473398119211197	0.06908584386110306	0.19690303269539436	0.5851757061223195
0.125	1	40	0.8927186131477356	0.10266690701246262	0.0657106265425682	0.18808955113450126	0.5831310286383006
0.125	1	45	0.6921015977859497	0.09506266564130783	0.04902350530028343	0.1950505448001997	0.6833453531640606
0.125	1	50	0.7282763719558716	0.1057339534163475	0.04702360928058624	0.19788811383291355	0.6385678510589409
0.125	1	75	0.6275762915611267	0.07479552924633026	0.040266599506139755	0.17149132704941014	0.6509965434322484
0.125	1	100	0.7113001346588135	0.08456337451934814	0.049999918788671494	0.19916276587816104	0.6238143608114506
0.125	1	125	0.7249308228492737	0.1159239113330841	0.06309007108211517	0.1672816951545602	0.6144121711038426
0.125	1	150	0.7910988926887512	0.11587619036436081	0.05242445319890976	0.141267626973483	0.5328498883407146
0.125	1	175	0.7313759922981262	0.09408078342676163	0.06911298632621765	0.1844485999529092	0.6123247984751147
0.125	1	200	0.7244784832000732	0.09301739186048508	0.07717747241258621	0.1628940510640745	0.5708353001277148
0.125	1	225	0.760578989982605	0.11033878475427628	0.07314653694629669	0.1716297235693503	0.567913258592906
0.125	1	250	0.7658679485321045	0.11466310918331146	0.09022340923547745	0.18944010444907944	0.6176289290800976
0.125	1	275	0.7109680771827698	0.10535760223865509	0.07041788846254349	0.18462353620729116	0.6188673065185252
0.125	1	300	0.7503160834312439	0.12445471435785294	0.08467938005924225	0.16994836486718976	0.5768254106726991
0.125	1	325	0.8394004702568054	0.1266576051712036	0.0809287503361702	0.152981743385074	0.5043776275727742
0.125	1	350	0.7449800968170166	0.10230951011180878	0.07942286133766174	0.1736142323740992	0.6131828655449182
0.125	1	375	0.8384053707122803	0.12714456021785736	0.09886167198419571	0.18115707330786163	0.5600090298946532
0.125	1	400	0.7850664258003235	0.13399046659469604	0.07602259516716003	0.16259588771177663	0.5710213336404176
0.125	1	425	0.7114918828010559	0.1143714115023613	0.07556512206792831	0.18265714396716634	0.600117817806889
0.125	1	450	0.8257966041564941	0.11018605530261993	0.08818849176168442	0.16273520188444765	0.5262985741987855
0.125	1	475	0.814500629901886	0.13922476768493652	0.08925091475248337	0.20253538152733847	0.6294435444587443
0.250	1	0	2.811941612890223e-06	1.12482663183755e-08	5.505118139126353e-09	1.0009488759734608	2.1461059466067365
0.250	1	5	0.39826178550720215	0.005350434686988592	0.0008458437514491379	0.5609991981190927	1.2173859659191095
0.250	1	10	0.5159912109375	0.027863411232829094	0.0033529039938002825	0.4698918140879346	1.071481928451162
0.250	1	15	0.6733152866363525	0.05177806317806244	0.009751051664352417	0.400671173481348	0.926588739457151
0.250	1	20	0.7020639777183533	0.08143980801105499	0.017822198569774628	0.3723145345341816	0.9136690448562393
0.250	1	25	0.6983093619346619	0.07594097405672073	0.019697966054081917	0.4291683109615868	1.0133641855314466
0.250	1	30	0.5755091905593872	0.07059057801961899	0.0243332851678133	0.3828451277510733	0.9915361095538435
0.250	1	35	0.9126750826835632	0.11317238956689835	0.030842846259474754	0.48844289947824654	1.1001488397959225
0.250	1	40	0.7371978163719177	0.08812795579433441	0.03090151585638523	0.4568051716945933	1.1251663317379317
0.250	1	45	0.724793016910553	0.08680646866559982	0.028784645721316338	0.44497236412674845	1.1074012105010356
0.250	1	50	0.7620339393615723	0.10700081288814545	0.03655681014060974	0.45625165461270234	1.1044150393689303
0.250	1	75	0.727479100227356	0.07690481096506119	0.04532354697585106	0.4674418113173076	1.042708513264147
0.250	1	100	0.7311050891876221	0.09271552413702011	0.06414785981178284	0.5325302221696909	1.1758487202995103
0.250	1	125	0.6456553339958191	0.09102491289377213	0.05983112007379532	0.5435414289454668	1.246253886696337
0.250	1	150	0.6663805246353149	0.10963481664657593	0.058390017598867416	0.511015381652748	1.1707771226977364
0.250	1	175	0.6813660264015198	0.11857953667640686	0.06469738483428955	0.5523202412635368	1.201517043217234
0.250	1	200	0.6892833709716797	0.11746422201395035	0.07615569978952408	0.5361043241500931	1.0814846289105084
0.250	1	225	0.7108691930770874	0.13099901378154755	0.07369526475667953	0.49607146443780914	1.069916513083024
0.250	1	250	0.743436336517334	0.14341674745082855	0.08395926654338837	0.5916904951174643	1.2712095313410505
0.250	1	275	0.6227884888648987	0.1169651448726654	0.0679631382226944	0.5557974887898367	1.2087984709879627
0.250	1	300	0.7341700196266174	0.15802545845508575	0.06312014162540436	0.5866348675827234	1.2330747387979524
0.250	1	325	0.7135859727859497	0.1336432546377182	0.0711967870593071	0.5034719763077278	1.0380662828920524
0.250	1	350	0.7738814949989319	0.1810605227947235	0.09827213734388351	0.5570935877246113	1.1443553384558787
0.250	1	375	0.5539931058883667	0.1031952053308487	0.06508991867303848	0.5221871596193016	1.195386910533539
0.250	1	400	0.6869352459907532	0.13762177526950836	0.07835552841424942	0.5486300271589841	1.1702879792857868
0.250	1	425	0.6163593530654907	0.11607511341571808	0.07518141716718674	0.5297478688379478	1.137245717346251
0.250	1	450	0.8075081706047058	0.16063161194324493	0.0842280462384224	0.5785972091765037	1.1359471747004506
0.250	1	475	0.7769137024879456	0.1560085415840149	0.08296224474906921	0.5483756938395752	1.1491446546409552
0.375	1	0	7.57400073325698e-07	5.36668975925636e-09	2.1226387314499107e-09	1.0004670212252815	2.147896760735775
0.375	1	5	0.2509418725967407	0.002329612849280238	0.0005727935349568725	0.5963274113632764	1.3241105781875668
0.375	1	10	0.30957281589508057	0.006828176788985729	0.0007633378263562918	0.5496627418619549	1.2457439122811147
0.375	1	15	0.38034799695014954	0.02516760863363743	0.0022386815398931503	0.5318847204904664	1.1641808272058682
0.375	1	20	0.3555339276790619	0.02974684163928032	0.0032347608357667923	0.5337061488637886	1.1857611890039559
0.375	1	25	0.4022742807865143	0.03334910795092583	0.005822362843900919	0.5265455232197458	1.1760883335553733
0.375	1	30	0.38632529973983765	0.02996768243610859	0.00679223844781518	0.505256251134148	1.2320685104505216
0.375	1	35	0.44432225823402405	0.04932137951254845	0.010120119899511337	0.5406373069299127	1.3321491406616877
0.375	1	40	0.46651795506477356	0.049812011420726776	0.013279578648507595	0.6634943199720778	1.5106698103130176
0.375	1	45	0.4303082227706909	0.047348376363515854	0.01052926480770111	0.6294586826467335	1.4584840758966509
0.375	1	50	0.49814578890800476	0.055622778832912445	0.01627245545387268	0.6506509496588442	1.4496012628590127
0.375	1	75	0.6187777519226074	0.07823418080806732	0.019035499542951584	0.8526459901552591	1.7481778406914303
0.375	1	100	0.6002349257469177	0.07902651280164719	0.021725503727793694	0.9022672928420392	1.8662969478685374
0.375	1	125	0.5646729469299316	0.08957725018262863	0.030658381059765816	0.8716170829124229	1.855032812290668
0.375	1	150	0.6591177582740784	0.12475474178791046	0.03762098401784897	0.9757790534370725	1.8397539613867506
0.375	1	175	0.5861384868621826	0.12548239529132843	0.04525524005293846	0.9662056701165119	1.875370245087739
0.375	1	200	0.5746857523918152	0.11452139914035797	0.034639015793800354	0.9403097761881087	1.8201219342411583
0.375	1	225	0.5287195444107056	0.1122528612613678	0.041598089039325714	1.001606986762534	1.930693496144732
0.375	1	250	0.5661961436271667	0.09916667640209198	0.038060083985328674	0.9106951301087319	1.7987704361521575
0.375	1	275	0.6310076713562012	0.1187656968832016	0.04926680028438568	1.0217777259006244	1.9039263867148446
0.375	1	300	0.576240062713623	0.12415743619203568	0.04926605522632599	0.9797554506499762	1.913668109385748
0.375	1	325	0.5656653642654419	0.11596449464559555	0.04857032373547554	0.9960215920889559	1.9028716838327275
0.375	1	350	0.5450584292411804	0.11369890719652176	0.0502130389213562	0.9867021780338222	1.8856698601561257
0.375	1	375	0.5995645523071289	0.13565373420715332	0.05813300609588623	1.0594766197674397	1.994841960850933
0.375	1	400	0.5781824588775635	0.13298608362674713	0.05793566256761551	1.0519683714715713	1.9798820266123114
0.375	1	425	0.5598159432411194	0.12455989420413971	0.054921433329582214	1.006032952945689	1.884362728293548
0.375	1	450	0.6015409827232361	0.1310364454984665	0.06112530082464218	1.0628605473416979	1.967726234378209
0.375	1	475	0.6057124733924866	0.13721562922000885	0.059521399438381195	1.0204725203867704	1.9367933263302817
0.500	1	0	8.244456353168061e-07	5.1755701946376576e-09	2.2321111625700496e-09	2.7800107646758736	2.504310041770325
0.500	1	5	0.18443141877651215	0.0020136951934546232	0.00042976709664799273	0.6311960965040406	1.388264399152957
0.500	1	10	0.1956048160791397	0.0024874364025890827	0.00045916595263406634	0.604175190225083	1.368658961149851
0.500	1	15	0.18528103828430176	0.006859764456748962	0.0005876669310964644	0.6111524853950565	1.3685716481649033
0.500	1	20	0.22344836592674255	0.01821848936378956	0.0011238354491069913	0.5942263856672333	1.3161518139782902
0.500	1	25	0.26184970140457153	0.03200526908040047	0.0025417516008019447	0.6216913071552512	1.2961488427977506
0.500	1	30	0.23190592229366302	0.03345498442649841	0.0022139805369079113	0.6090449850283794	1.3339509854690363
0.500	1	35	0.23402062058448792	0.03708094358444214	0.0023200116120278835	0.6078464701087459	1.3519913598661533
0.500	1	40	0.23011600971221924	0.03454222157597542	0.00210462580434978	0.6487476535603098	1.386085647939148
0.500	1	45	0.21993589401245117	0.03616883605718613	0.0024163927882909775	0.6572826465283325	1.4533530234337595
0.500	1	50	0.23119601607322693	0.0342596061527729	0.0028020204044878483	0.6865159734999129	1.503129556508525
0.500	1	75	0.2040768265724182	0.04143758490681648	0.0060203829780220985	0.8198925113737329	1.7834052507858944
0.500	1	100	0.36047548055648804	0.05124090611934662	0.008275273256003857	0.9595028256519524	1.9247389823574133
0.500	1	125	0.2874899208545685	0.05561985448002815	0.007956384681165218	1.0453580356998562	2.1022102625854147
0.500	1	150	0.39428654313087463	0.06672116369009018	0.010644234716892242	1.2187438754779159	2.3018914963631394
0.500	1	175	0.40357285737991333	0.060966331511735916	0.010282165370881557	1.0811372435519644	2.1695499022506506
0.500	1	200	0.3338322937488556	0.05005668103694916	0.00814756378531456	1.1066141051353913	2.2550009935070863
0.500	1	225	0.3897150754928589	0.05918493866920471	0.011120609007775784	1.1214961343638936	2.276536796070928
0.500	1	250	0.38219526410102844	0.06740907579660416	0.015518784523010254	1.158512923986506	2.2770996469630047
0.500	1	275	0.31203731894493103	0.07006869465112686	0.012832642532885075	1.159079625219232	2.338101347166983
0.500	1	300	0.45439809560775757	0.08675901591777802	0.01699237897992134	1.2106995362688764	2.395846942870449
0.500	1	325	0.3539623022079468	0.07026586681604385	0.011309136636555195	1.1507467152029605	2.344724056301735
0.500	1	350	0.4380362629890442	0.10397493839263916	0.019238755106925964	1.2608324606782617	2.456133630221801
0.500	1	375	0.3801994323730469	0.0910545215010643	0.01863458752632141	1.157817202271178	2.3221940500937923
0.500	1	400	0.4234163463115692	0.09542421996593475	0.01798807457089424	1.1845306157188973	2.27028519327628
0.500	1	425	0.38308796286582947	0.08310897648334503	0.02453470602631569	1.1705793684931527	2.309454953186308
0.500	1	450	0.3890185058116913	0.10488937050104141	0.021360885351896286	1.221797456828747	2.405035732540022
0.500	1	475	0.3731723129749298	0.10826293379068375	0.021442729979753494	1.2201088785444365	2.4188286873977383
0.000	2	0	3.0115750178083545e-06	1.1730003635079811e-08	6.967876053920463e-09	1.3417462996397012	3.127217302685323
0.000	2	5	0.6215294003486633	0.005030761007219553	0.0008028004667721689	0.5079521523320112	1.0866444988829387
0.000	2	10	0.8116332292556763	0.06936340034008026	0.02572837471961975	0.24176287525943616	0.5920049165092397
0.000	2	15	1.0194951295852661	0.10097555071115494	0.10158991813659668	0.1489700563356247	0.35138865031100225
0.000	2	20	0.9097141027450562	0.11391060054302216	0.09276623278856277	0.10503592227890617	0.27599298147773843
0.000	2	25	1.0938787460327148	0.14392521977424622	0.09222301095724106	0.08575675891314352	0.22814918334988354
0.000	2	30	0.8122909069061279	0.1252335160970688	0.06636602431535721	0.07290338650267701	0.30096412484229357
0.000	2	35	0.8275876045227051	0.16441918909549713	0.040161486715078354	0.06492053005762043	0.3069447626916932
0.000	2	40	0.7937172651290894	0.11509349197149277	0.0832611471414566	0.11060487038061842	0.3839793458303666
0.000	2	45	0.8232840895652771	0.1186395138502121	0.0712331160902977	0.06096184970747241	0.27963142271401953
0.000	2	50	0.8323143124580383	0.15003249049186707	0.051860447973012924	0.05488538879807141	0.27822780043942724
0.000	2	75	0.87595134973526	0.12816347181797028	0.073408342897892	0.04921591774872526	0.24355339731634373
0.000	2	100	0.8429558873176575	0.17211967706680298	0.08017398416996002	0.0427316256695188	0.29371754743213946
0.000	2	125	0.8466747403144836	0.14245547354221344	0.09892719984054565	0.038673335062249216	0.2905336792464328
0.000	2	150	0.9585489630699158	0.15848807990550995	0.09674438834190369	0.04028959529166922	0.24451441327087783
0.000	2	175	0.8686094284057617	0.14826363325119019	0.08603980392217636	0.0326488872908028	0.2832174443833395
0.000	2	200	0.8927938342094421	0.154196098446846	0.10385217517614365	0.030636097422537194	0.2979925639868817
0.000	2	225	1.024017333984375	0.1807612180709839	0.10135531425476074	0.03109706918691543	0.2306916816152448
0.000	2	250	1.007365107536316	0.19597618281841278	0.10243396461009979	0.026860594043590022	0.24996651937419886
0.000	2	275	0.944990336894989	0.1575462818145752	0.11986879259347916	0.026010201012299197	0.2544115938478485
0.000	2	300	1.0092668533325195	0.16824938356876373	0.11179792135953903	0.02299459943100977	0.2538249313101372
0.000	2	325	1.0887317657470703	0.18730829656124115	0.14608392119407654	0.02355584549368384	0.26382648048320484
0.000	2	350	0.9981914758682251	0.20494793355464935	0.11588339507579803	0.020882548905599086	0.274787196213374
0.000	2	375	1.0164042711257935	0.20384423434734344	0.11061082780361176	0.018886375894518304	0.29206233280818306
0.000	2	400	1.000617265701294	0.17821450531482697	0.11315692216157913	0.018512111874692042	0.30488547415902434
0.000	2	425	0.9816805124282837	0.19967252016067505	0.11020377278327942	0.016204562627547422	0.30108086872479617
0.000	2	450	1.0455962419509888	0.20893724262714386	0.09539154917001724	0.0178087516960296	0.2982684877846089
0.000	2	475	1.0539358854293823	0.22104819118976593	0.09584290534257889	0.014894483634738182	0.293503205450913
0.050	2	0	1.4410740050152526e-06	1.0037989994771124e-08	4.4356962547453804e-09	1.2319988541270008	1.8704885495935852
0.050	2	5	0.38764458894729614	0.0038685393519699574	0.000706798629835248	0.5689536601477835	1.2226200295673955
0.050	2	10	0.8088807463645935	0.06641969084739685	0.011492078192532063	0.3031489566940179	0.7211445201718277
0.050	2	15	1.0121458768844604	0.12250888347625732	0.057026464492082596	0.14708763631258734	0.3792149773519967
0.050	2	20	1.1850422620773315	0.13318559527397156	0.06889987736940384	0.1393062066179848	0.33810117626429415
0.050	2	25	0.877068817615509	0.1369474083185196	0.056513961404561996	0.1084352340847639	0.34196590721590786
0.050	2	30	0.8483462333679199	0.12337065488100052	0.05784786120057106	0.11048789285370483	0.3991319832951192
0.050	2	35	0.9025908708572388	0.12096197158098221	0.06560976058244705	0.10181129876613171	0.3734525100831227
0.050	2	40	0.8297846913337708	0.10705942660570145	0.055276498198509216	0.08299629771246482	0.3434783677117462
0.050	2	45	0.9031311869621277	0.11022330820560455	0.05892961099743843	0.09191611058634828	0.35572221512372815
0.050	2	50	0.8641892075538635	0.12879003584384918	0.057663556188344955	0.08833541243382258	0.358548772551604
0.050	2	75	0.6764128804206848	0.08892853558063507	0.05266028642654419	0.08085630129470149	0.533064350518516
0.050	2	100	0.7732787132263184	0.1048865020275116	0.06438528001308441	0.08211122757785638	0.4239461280368718
0.050	2	125	0.6376104354858398	0.09243638068437576	0.06487126648426056	0.07967276842372271	0.5147688666703493
0.050	2	150	0.7099523544311523	0.12487441301345825	0.04731240123510361	0.05610330325037704	0.4305354676633974
0.050	2	175	0.7781763672828674	0.10642869025468826	0.08170665800571442	0.0635260571190503	0.4249370956462514
0.050	2	200	0.8185240626335144	0.1129605770111084	0.08661098033189774	0.06124827216929284	0.40526111991624597
0.050	2	225	0.8106244206428528	0.12383832037448883	0.08733318001031876	0.052905209497180285	0.35382523862996385
0.050	2	250	0.7535990476608276	0.11742063611745834	0.06553163379430771	0.05248978896421999	0.40388414821355384
0.050	2	275	0.8029878735542297	0.1260196566581726	0.07201863825321198	0.048796045087615036	0.35948262452830776
0.050	2	300	0.7271950840950012	0.13283513486385345	0.0517999604344368	0.04664590425268584	0.39899967402646686
0.050	2	325	0.8171390891075134	0.12039488554000854	0.08683567494153976	0.04583994218294415	0.3512337577563811
0.050	2	350	0.7328112125396729	0.11793529242277145	0.05112580582499504	0.040558499229953235	0.39835341178894645
0.050	2	375	0.8163717985153198	0.14618122577667236	0.06308963894844055	0.03824791389239821	0.3293885365171417
0.050	2	400	0.7220243215560913	0.1615002304315567	0.052256643772125244	0.04540639804750721	0.4273269518197794
0.050	2	425	0.7718469500541687	0.12386515736579895	0.06199205294251442	0.039552473413843964	0.3841679527187933
0.050	2	450	0.8801377415657043	0.14197760820388794	0.07372415065765381	0.036091498061698854	0.3461116640019691
0.050	2	475	0.8295229077339172	0.1472749561071396	0.050473231822252274	0.03561896575091609	0.3507056557561654
0.125	2	0	2.333277734578587e-06	1.093096368975921e-08	6.640508143362922e-09	1.0249956836857264	2.3468994482260985
0.125	2	5	0.3729192316532135	0.003941281232982874	0.0006199959316290915	0.566200151218875	1.2149764174323532
0.125	2	10	0.7735568881034851	0.048727117478847504	0.006936286110430956	0.4041976433339131	0.9309185676251341
0.125	2	15	0.9525550603866577	0.1074424758553505	0.032581429928541183	0.2370428784796817	0.5817406769308849
0.125	2	20	0.7696883678436279	0.09300393611192703	0.0321207270026207	0.19880892974867134	0.5683833428473472
0.125	2	25	0.8933236002922058	0.10164877772331238	0.04270097240805626	0.1969789681835095	0.5556561194450236
0.125	2	30	0.8368381857872009	0.09492756426334381	0.03880077973008156	0.17934205263917183	0.5272223367854116
0.125	2	35	0.7301816940307617	0.08139500021934509	0.046688325703144073	0.19196044514424557	0.6161239860872009
0.125	2	40	0.7852755784988403	0.10153273493051529	0.04742049425840378	0.2056358249234599	0.6123702064151203
0.125	2	45	0.7369740605354309	0.0999276340007782	0.05017620697617531	0.1945416270351331	0.7057916867211741
0.125	2	50	0.7217536568641663	0.10748983919620514	0.051317211240530014	0.20196877763304477	0.6952189572956994
0.125	2	75	0.769871175289154	0.10406717658042908	0.05710865557193756	0.21146027259164435	0.6479019083545047
0.125	2	100	0.7582629323005676	0.11534237861633301	0.06386735290288925	0.18084317873925754	0.60598871127828
0.125	2	125	0.7693334817886353	0.12922018766403198	0.06017719954252243	0.20547663526986218	0.6390102099616546
0.125	2	150	0.7497471570968628	0.12421374022960663	0.06308457255363464	0.18068550158284627	0.6314002577130934
0.125	2	175	0.7660446763038635	0.1427345871925354	0.08340756595134735	0.2291550719152576	0.7006506573125549
0.125	2	200	0.7614894509315491	0.1294344961643219	0.07957743853330612	0.17896627685231337	0.5692124097906992
0.125	2	225	0.703586220741272	0.12218942493200302	0.07002270966768265	0.18627936001808806	0.698370971955386
0.125	2	250	0.7808623313903809	0.1292540431022644	0.07989225536584854	0.18534023861264728	0.5839858975948602
0.125	2	275	0.7041991353034973	0.12468703836202621	0.06699611246585846	0.18786298257053988	0.6371292795554718
0.125	2	300	0.7099289298057556	0.11439048498868942	0.07970228791236877	0.1834216517765748	0.6774035999036083
0.125	2	325	0.7621325254440308	0.11456014961004257	0.07835013419389725	0.17993744583317553	0.5909834298512652
0.125	2	350	0.7161943316459656	0.11840513348579407	0.07425235211849213	0.19250374012401816	0.6568881330187369
0.125	2	375	0.7113529443740845	0.1423717588186264	0.07386554032564163	0.16530277036406404	0.5873056437915629
0.125	2	400	0.7660813927650452	0.1363939791917801	0.07234634459018707	0.19399562017962219	0.6317327064262556
0.125	2	425	0.6963667273521423	0.11715586483478546	0.07071667909622192	0.16001606341559366	0.6369805237682861
0.125	2	450	0.7063631415367126	0.1300453543663025	0.08671192824840546	0.21166386964384099	0.6934059903676455
0.125	2	475	0.72856205701828	0.12457311898469925	0.07103407382965088	0.16225657531843526	0.6186013839351883
0.250	2	0	5.805611067444261e-07	6.391771112390643e-09	3.047191166061225e-09	3.682062185265898	6.593282829795034
0.250	2	5	0.2841304540634155	0.003633170621469617	0.0005525450687855482	0.568013854859304	1.2819355741403895
0.250	2	10	0.5100712180137634	0.024073701351881027	0.002331342315301299	0.46476210387016853	1.0618803453800518
0.250	2	15	0.6135543584823608	0.04099762439727783	0.005805309861898422	0.415648086913143	0.9906490189163828
0.250	2	20	0.7122690081596375	0.07582937180995941	0.019976027309894562	0.41359285239200533	0.9659314659867433
0.250	2	25	0.6387563347816467	0.06534892320632935	0.024973010644316673	0.43947565370335634	1.0691413468050617
0.250	2	30	0.6356484293937683	0.06414337456226349	0.02696198783814907	0.39909347279709034	1.0195118828187804
0.250	2	35	0.6697203516960144	0.07048297673463821	0.02428501844406128	0.38511846424009544	1.0066030019647854
0.250	2	40	0.8120030760765076	0.0891246646642685	0.03153441473841667	0.42889589256965294	1.0349373885269044
0.250	2	45	0.5969927310943604	0.062115177512168884	0.02761567011475563	0.400589828391146	1.023989968525168
0.250	2	50	0.7371826767921448	0.078595831990242	0.04192224517464638	0.4939756858774502	1.120293238855049
0.250	2	75	0.7182133197784424	0.07516112178564072	0.04107293486595154	0.4849966737980612	1.1685449053533554
0.250	2	100	0.7149968147277832	0.10246342420578003	0.05228717625141144	0.5260950316930892	1.140855780740136
0.250	2	125	0.7361177802085876	0.10412746667861938	0.06918063014745712	0.5091539972133919	1.0879436065541432
0.250	2	150	0.6222524046897888	0.09697207063436508	0.056640706956386566	0.567543576678246	1.2684985692823845
0.250	2	175	0.6790569424629211	0.10357969999313354	0.056884460151195526	0.5299110726899308	1.1593082282757095
0.250	2	200	0.7385131120681763	0.14917725324630737	0.06630195677280426	0.5629858962096856	1.1764000525953104
0.250	2	225	0.7162064909934998	0.1423659771680832	0.07743611186742783	0.5767659030503072	1.2196838770212317
0.250	2	250	0.6473180055618286	0.12221185117959976	0.06525040417909622	0.5529604450479593	1.1661852942793125
0.250	2	275	0.7748516798019409	0.1418357789516449	0.08381873369216919	0.5968756422139337	1.163538039423589
0.250	2	300	0.6710044741630554	0.12239930033683777	0.07153830677270889	0.5260033846798361	1.1785643397992849
0.250	2	325	0.7050288319587708	0.14518120884895325	0.07325664907693863	0.590421805557008	1.26856051094355
0.250	2	350	0.6642938256263733	0.12258319556713104	0.07409685850143433	0.5173498083875392	1.1329275408442785
0.250	2	375	0.6845025420188904	0.12222101539373398	0.0765308290719986	0.5657934043466434	1.1728435305774099
0.250	2	400	0.5882971882820129	0.11621595174074173	0.05990550294518471	0.512833912816514	1.1965067671496192
0.250	2	425	0.6476148962974548	0.13325807452201843	0.061747606843709946	0.5481885297526371	1.1852802096557402
0.250	2	450	0.7120792269706726	0.15786698460578918	0.0728340893983841	0.6053131285906173	1.2079669978510819
0.250	2	475	0.7198005318641663	0.16009563207626343	0.06726425886154175	0.5451415426930764	1.1492674097310263
0.375	2	0	3.7053137020848226e-06	8.713572086094246e-09	8.573501020237018e-09	1.1429196794845073	1.8950004398363
0.375	2	5	0.17707140743732452	0.001303417724557221	0.0002894071803893894	0.6202304568980994	1.3975010698552357
0.375	2	10	0.2799047529697418	0.009821553714573383	0.0007742316229268909	0.5362108057605892	1.2297188214062393
0.375	2	15	0.2977463901042938	0.0187605582177639	0.0030788276344537735	0.5374390342813851	1.2400997826243247
0.375	2	20	0.3321843445301056	0.02851266972720623	0.004308438394218683	0.5414799393231086	1.2372098997298102
0.375	2	25	0.4390069246292114	0.042746879160404205	0.006895223632454872	0.5293128119998485	1.243627936009095
0.375	2	30	0.5703310370445251	0.05659383535385132	0.009946389123797417	0.598151954871508	1.35137695030278
0.375	2	35	0.5604092478752136	0.04991733655333519	0.012597485445439816	0.6545006304903501	1.4085231169462085
0.375	2	40	0.6108911037445068	0.05537838861346245	0.013548419810831547	0.6727190041198052	1.37595059047618
0.375	2	45	0.5445596575737	0.05872427299618721	0.013395324349403381	0.7352455425062909	1.5625396065474682
0.375	2	50	0.5160066485404968	0.06337571889162064	0.015234872698783875	0.7586270710404964	1.6024669990787792
0.375	2	75	0.6188779473304749	0.07923596352338791	0.01856599561870098	0.7874459854606067	1.6539206981717347
0.375	2	100	0.5160813927650452	0.07799123972654343	0.024804523214697838	0.8665482070905034	1.853549726417308
0.375	2	125	0.5872794985771179	0.10078954696655273	0.03128298744559288	1.0373317791477896	1.9794872885396952
0.375	2	150	0.5498828887939453	0.09301793575286865	0.0367400236427784	0.9084618497481176	1.8709373252738224
0.375	2	175	0.5810889601707458	0.10912954807281494	0.04331745207309723	0.9950690873977954	1.9413095610038913
0.375	2	200	0.6550424695014954	0.12302246689796448	0.052638713270425797	1.0389270705782674	1.9645719152031949
0.375	2	225	0.5865352153778076	0.11757856607437134	0.05701015144586563	1.035515600380847	1.9941399280242076
0.375	2	250	0.5459231734275818	0.10207479447126389	0.04434771090745926	0.96150763072686	1.9031615889737254
0.375	2	275	0.49982017278671265	0.09268932044506073	0.04611801728606224	0.9169108147627301	1.8489324254453212
0.375	2	300	0.5053895711898804	0.10494546592235565	0.0525662787258625	0.997737643885066	2.008547710700522
0.375	2	325	0.5520673394203186	0.11490978300571442	0.047800686210393906	0.9548324748701443	1.7996023275254853
0.375	2	350	0.6525460481643677	0.1157655417919159	0.06463111191987991	0.9694567695232302	1.8561179790134572
0.375	2	375	0.5760461091995239	0.11925466358661652	0.05413723364472389	0.9759659485010046	1.9398692127691914
0.375	2	400	0.6290838718414307	0.13289982080459595	0.06154457479715347	1.0321323530845072	1.9373290633551479
0.375	2	425	0.6738288402557373	0.15603579580783844	0.06021768972277641	1.1188865156322227	1.9610592807360885
0.375	2	450	0.5976261496543884	0.14392854273319244	0.06753017008304596	1.0317700337946094	1.9870014954512063
0.375	2	475	0.5488486289978027	0.1380530148744583	0.04903944209218025	1.0027462673214373	1.9183518678093752
0.500	2	0	3.4052661703753984e-06	8.552884622758938e-09	2.970154122650115e-09	1.09152608127786	2.5706154728357498
0.500	2	5	0.1125958189368248	0.0011237539583817124	0.0002198778820456937	0.6641800424104196	1.4859048044769143
0.500	2	10	0.20196954905986786	0.002180392388254404	0.0004406373482197523	0.60353296548475	1.360679484855249
0.500	2	15	0.24105003476142883	0.008552796207368374	0.0008155053947120905	0.5855036792142378	1.2882442387205273
0.500	2	20	0.19499891996383667	0.019661152735352516	0.001205856679007411	0.6139024235980034	1.3412535198409588
0.500	2	25	0.2932557761669159	0.028817614540457726	0.002099950797855854	0.5739321810757719	1.2701021565102961
0.500	2	30	0.23373475670814514	0.031049633398652077	0.0022772967349737883	0.6051591326218707	1.3204456425638276
0.500	2	35	0.2360740751028061	0.035041723400354385	0.0022325210738927126	0.6011548107032841	1.3130193240754024
0.500	2	40	0.21626262366771698	0.03232137858867645	0.0016899433685466647	0.6255947584396293	1.3507663494287452
0.500	2	45	0.2520333230495453	0.030705593526363373	0.00209646369330585	0.6398884290283288	1.359874576424592
0.500	2	50	0.22253595292568207	0.02802305854856968	0.0023694909177720547	0.6637203701559302	1.4313571431566305
0.500	2	75	0.26371729373931885	0.04455231875181198	0.005243338644504547	0.8880758191813196	1.8713749275945464
0.500	2	100	0.31781360507011414	0.053222984075546265	0.0053688157349824905	1.0396262047841176	2.042436288510358
0.500	2	125	0.2814391255378723	0.047525856643915176	0.007528303191065788	1.0116881539136426	2.012191200273963
0.500	2	150	0.3947314918041229	0.07002124935388565	0.011141306720674038	1.1048099803041058	2.133518905179189
0.500	2	175	0.40674641728401184	0.055945899337530136	0.00995249766856432	1.1803527733809671	2.2912935963218124
0.500	2	200	0.33658266067504883	0.05750735104084015	0.009063612669706345	1.0965857697132726	2.204674550634292
0.500	2	225	0.39875560998916626	0.0593840554356575	0.01288190670311451	1.171175094928873	2.315433452963027
0.500	2	250	0.36129501461982727	0.07167074084281921	0.014034997671842575	1.2010870448951048	2.331804116068741
0.500	2	275	0.33402857184410095	0.06215275079011917	0.009967584162950516	1.2088070224588063	2.37427680046057
0.500	2	300	0.44286802411079407	0.07801158726215363	0.013847403228282928	1.2125427494882792	2.39265225470027
0.500	2	325	0.4104277789592743	0.07129062712192535	0.010428802110254765	1.1397949542268735	2.2307550413072064
0.500	2	350	0.42399030923843384	0.08702141791582108	0.017152972519397736	1.2448205395294485	2.3855179836428215
0.500	2	375	0.3850230574607849	0.0806889608502388	0.019316142424941063	1.1758924323832691	2.298020294504137
0.500	2	400	0.42224404215812683	0.07850993424654007	0.01866098679602146	1.2059927658043652	2.282581156481683
0.500	2	425	0.4032101333141327	0.09868773818016052	0.01871548593044281	1.2142758949166177	2.369838433974412
0.500	2	450	0.5039330124855042	0.10878771543502808	0.022195201367139816	1.2370338025254397	2.340671366010526
0.500	2	475	0.3807235658168793	0.100030317902565	0.023055683821439743	1.1797671978354811	2.324002826639974
0.000	3	0	1.264693537450512e-06	5.1025761393930225e-09	1.9123613803628814e-09	1.3071450012314352	3.0614810147761577
0.000	3	5	0.5828094482421875	0.0050508310087025166	0.0009814453078433871	0.556843794300986	1.1709679593322946
0.000	3	10	1.117775321006775	0.056205615401268005	0.01726752705872059	0.2786653101363201	0.6576813214680113
0.000	3	15	0.8724336624145508	0.08700896054506302	0.12337271869182587	0.10927942930062767	0.29757441450143307
0.000	3	20	1.032607913017273	0.1277833729982376	0.13488627970218658	0.08863240150416965	0.21137158936672293
0.000	3	25	0.9797410368919373	0.10618573427200317	0.12221188098192215	0.0764647555758589	0.24657858818775047
0.000	3	30	1.004220962524414	0.1245378851890564	0.10592327266931534	0.06905327682563561	0.23170999952640645
0.000	3	35	0.8985594511032104	0.11073213815689087	0.09290734678506851	0.06033216038095967	0.24982266141856377
0.000	3	40	0.8472337126731873	0.13711261749267578	0.08198603987693787	0.05975826032770753	0.27242175077265596
0.000	3	45	0.945469856262207	0.1581754982471466	0.07374611496925354	0.059584433953365164	0.2432198535264837
0.000	3	50	0.8873391151428223	0.1270032823085785	0.0701519325375557	0.06476318481782659	0.27213757908717323
0.000	3	75	0.8051167726516724	0.15298180282115936	0.06850260496139526	0.046543043945035854	0.32597613233974987
0.000	3	100	0.7456094622612	0.14050523936748505	0.08313401788473129	0.04095486090914924	0.35294867543791586
0.000	3	125	0.7340463399887085	0.1565709263086319	0.08917766064405441	0.03572511131900856	0.3855160627709359
0.000	3	150	0.7815783023834229	0.16234830021858215	0.08147986978292465	0.035099267538463756	0.3512136571334093
0.000	3	175	0.7799838781356812	0.16108959913253784	0.082024946808815	0.034765613857499315	0.35114338994254773
0.000	3	200	0.7754327654838562	0.17043855786323547	0.0697525292634964	0.03284442268268179	0.35165048015682304
0.000	3	225	0.7941733598709106	0.15731287002563477	0.07772115617990494	0.03726612785525165	0.3363869714064131
0.000	3	250	0.8888642191886902	0.16768386960029602	0.09058762341737747	0.023677058395310032	0.2578914817857224
0.000	3	275	1.0450443029403687	0.16839325428009033	0.10990108549594879	0.021892291952014805	0.21240686973954967
0.000	3	300	0.9826335310935974	0.1801483929157257	0.10191023349761963	0.020634117633913936	0.2357565306732338
0.000	3	325	1.0868539810180664	0.18021708726882935	0.12236614525318146	0.021499901484151804	0.20837755638382893
0.000	3	350	0.9759166836738586	0.19397985935211182	0.10167147219181061	0.017636189844301955	0.22874302663420437
0.000	3	375	1.0115224123001099	0.18561016023159027	0.12069322913885117	0.016290561739532954	0.23986061606472728
0.000	3	400	0.9717435240745544	0.20325081050395966	0.11626791954040527	0.015541696704797834	0.26893056121516173
0.000	3	425	1.0783281326293945	0.21638460457324982	0.12940531969070435	0.01519401083764636	0.25633306253873517
0.000	3	450	1.0465232133865356	0.23270559310913086	0.11534574627876282	0.011961206750291255	0.25663595757269375
0.000	3	475	1.015085220336914	0.23132039606571198	0.11273526400327682	0.010894861958806977	0.2773880622375976
0.050	3	0	2.0392103579069953e-06	6.941056174269988e-09	4.875399639558964e-09	1.0158490014052752	2.302875024382388
0.050	3	5	0.5062341690063477	0.007206188514828682	0.0007586957071907818	0.49131420729692676	1.0663256729011863
0.050	3	10	0.7572500109672546	0.05747908353805542	0.015244150534272194	0.2927244361281782	0.7198588594611518
0.050	3	15	0.8430730104446411	0.08412498980760574	0.059867337346076965	0.14974741362794697	0.4037509651645567
0.050	3	20	0.9960177540779114	0.09407053142786026	0.08029961585998535	0.12158418032880386	0.30575470726818027
0.050	3	25	1.102063775062561	0.12896029651165009	0.06635977327823639	0.10637777368753525	0.27281941308952956
0.050	3	30	0.8511561155319214	0.11393598467111588	0.06232032552361488	0.11187249759304757	0.3751497874638799
0.050	3	35	0.7606059312820435	0.11026765406131744	0.0565434992313385	0.10687854428785254	0.42320548647174994
0.050	3	40	0.6912506222724915	0.09650715440511703	0.042563263326883316	0.10705094894272466	0.46800085590187535
0.050	3	45	0.7687624096870422	0.10367598384618759	0.06661342829465866	0.09338392490280302	0.407329508275948
0.050	3	50	0.735474169254303	0.10728958249092102	0.048572149127721786	0.08943822147637609	0.4636798913900011
0.050	3	75	0.6751359701156616	0.10256924480199814	0.03991643711924553	0.07742036351081044	0.4864259284358924
0.050	3	100	0.7430633306503296	0.09330801665782928	0.0466681569814682	0.0687485326652966	0.4376611933152552
0.050	3	125	0.7633071541786194	0.10040879994630814	0.05795590579509735	0.0695591341918872	0.42050153457312256
0.050	3	150	0.7417044639587402	0.11343634873628616	0.051449310034513474	0.0796453455045341	0.4213800769187469
0.050	3	175	0.7072715759277344	0.11361875385046005	0.046902116388082504	0.049848226133918656	0.45265064280547335
0.050	3	200	0.8009137511253357	0.11384642124176025	0.07650972902774811	0.055744892734469864	0.38515382744135207
0.050	3	225	0.7396616339683533	0.13747712969779968	0.055225126445293427	0.060418559758932434	0.4842859010763729
0.050	3	250	0.7991509437561035	0.13522839546203613	0.06427592784166336	0.05273031430678116	0.40748651081987475
0.050	3	275	0.8031707406044006	0.12627814710140228	0.07060030847787857	0.05445929323431424	0.42521370792458485
0.050	3	300	0.7545176148414612	0.11118476837873459	0.06598197668790817	0.04261186379633723	0.44192661688596446
0.050	3	325	0.7063801884651184	0.09701664745807648	0.06822846084833145	0.04226193655438312	0.4429096630448082
0.050	3	350	0.6779772043228149	0.09793641418218613	0.08270015567541122	0.04459307883272471	0.5239659008015614
0.050	3	375	0.77379310131073	0.10436206310987473	0.07992042601108551	0.046111113161758366	0.48297855309921206
0.050	3	400	0.8820045590400696	0.12789952754974365	0.08615811169147491	0.04242093721183985	0.3642500306029011
0.050	3	425	0.7365515232086182	0.10554318875074387	0.08421023190021515	0.042118090876080615	0.4761995512851473
0.050	3	450	0.7957600951194763	0.12031789869070053	0.06317509710788727	0.0384829799393749	0.40874784710227396
0.050	3	475	0.819877028465271	0.14791227877140045	0.07439733296632767	0.0402850488588014	0.3990529497163623
0.125	3	0	9.299967018705502e-07	3.4664604520173725e-09	1.3864677184116658e-09	1.0957547076744123	2.586079941944976
0.125	3	5	0.3930240571498871	0.00418887147679925	0.0006643696106038988	0.5454502390311937	1.1980319266724506
0.125	3	10	0.852825939655304	0.05648110434412956	0.005419802386313677	0.3827533904297526	0.8674373906855514
0.125	3	15	0.8347004652023315	0.09224819391965866	0.024282801896333694	0.2633213522953403	0.6272058487317015
0.125	3	20	0.9274554252624512	0.10942743718624115	0.0420038141310215	0.21778507645064313	0.5391466531604612
0.125	3	25	0.90848308801651	0.11316127330064774	0.03757217526435852	0.2215811570281192	0.582282999642412
0.125	3	30	0.8740038275718689	0.09930574893951416	0.0353066548705101	0.19562533046967748	0.5270344224383529
0.125	3	35	0.9737693667411804	0.1077103316783905	0.05083329975605011	0.18368105440345445	0.565779168491626
0.125	3	40	0.9920129776000977	0.10531766712665558	0.05407224968075752	0.16858206505119946	0.5149733804342451
0.125	3	45	0.8930844664573669	0.10549885779619217	0.040577031672000885	0.1680224221819033	0.5496372634371108
0.125	3	50	0.8256098628044128	0.10442355275154114	0.059629883617162704	0.19574147224262078	0.6316840393259776
0.125	3	75	0.818712055683136	0.10340183973312378	0.05340664088726044	0.16118282192403327	0.5137248626024236
0.125	3	100	0.9027883410453796	0.13067768514156342	0.06037772446870804	0.1938797647420851	0.513607027270685
0.125	3	125	0.6340218782424927	0.08795444667339325	0.052299864590168	0.1714509166418691	0.6177780118198172
0.125	3	150	0.6743881702423096	0.09106728434562683	0.050862234085798264	0.15133514805706275	0.6261235486357031
0.125	3	175	0.697889506816864	0.11306538432836533	0.059510085731744766	0.19071956669183635	0.6624616129556163
0.125	3	200	0.7667238712310791	0.12986521422863007	0.08220470696687698	0.17134483242020018	0.5847776980151147
0.125	3	225	0.6967570185661316	0.11909501254558563	0.062003105878829956	0.17333329660667568	0.6048541110632024
0.125	3	250	0.7640076279640198	0.14306512475013733	0.07549676299095154	0.19367484840348698	0.6426556545235615
0.125	3	275	0.7017738819122314	0.09878987073898315	0.06215086206793785	0.15215221199488563	0.6239381285660455
0.125	3	300	0.7864218950271606	0.12266353517770767	0.06941743195056915	0.1736940557430945	0.6254223018219917
0.125	3	325	0.730238139629364	0.12628713250160217	0.0674789696931839	0.1521903459592485	0.6163249149156836
0.125	3	350	0.785535454750061	0.1287294626235962	0.07156331837177277	0.15415720244931175	0.5761570579960625
0.125	3	375	0.7742867469787598	0.14882953464984894	0.07235567271709442	0.20075962200568495	0.6637480715159735
0.125	3	400	0.7540150284767151	0.14060986042022705	0.06772512942552567	0.18317861549111147	0.612933265247363
0.125	3	425	0.8438994288444519	0.12649379670619965	0.08194214850664139	0.14065378138706155	0.5356548664561069
0.125	3	450	0.7381592988967896	0.136529341340065	0.07233933359384537	0.16420388072353828	0.6121005364339681
0.125	3	475	0.6938568949699402	0.13044358789920807	0.06387423723936081	0.1577346811409208	0.6054032514631149
0.250	3	0	3.841545549221337e-06	8.294272824116433e-09	4.082549409645253e-09	2.1967685315615526	2.177299401520406
0.250	3	5	0.3956238031387329	0.004510660655796528	0.0009599660406820476	0.5582857252625018	1.2264684738709184
0.250	3	10	0.4713183343410492	0.022714443504810333	0.00262857461348176	0.48203756209960236	1.095949470669252
0.250	3	15	0.49049437046051025	0.03643962740898132	0.005851831752806902	0.45287850858674694	1.0632481272734036
0.250	3	20	0.6173396706581116	0.04909747466444969	0.013094679452478886	0.39730798022914465	0.9682924440756491
0.250	3	25	0.6190125346183777	0.06254822015762329	0.018757060170173645	0.40539989839635576	1.02245243547723
0.250	3	30	0.7619179487228394	0.1035698652267456	0.03409716859459877	0.4984132655195385	1.2329370079663402
0.250	3	35	0.7277091145515442	0.09860812872648239	0.03173349052667618	0.3944885816990554	1.0523581866102607
0.250	3	40	0.8190353512763977	0.10007892549037933	0.03575901314616203	0.5059828284641524	1.1669231892984266
0.250	3	45	0.6956607103347778	0.08153936266899109	0.028709987178444862	0.43871550963221845	1.13621285702809
0.250	3	50	0.6488119959831238	0.08235985040664673	0.02404261939227581	0.47531904088533383	1.2324392250674754
0.250	3	75	0.7013965845108032	0.10536720603704453	0.04018886014819145	0.5633212811431503	1.2766788553869106
0.250	3	100	0.6693625450134277	0.10102775692939758	0.04198065027594566	0.5114006300536316	1.1518303589233951
0.250	3	125	0.6444371342658997	0.12047524005174637	0.05047968402504921	0.5288803467657083	1.1895843576988958
0.250	3	150	0.676806628704071	0.11123619228601456	0.05251617729663849	0.5443707763911947	1.1849991968437947
0.250	3	175	0.7039676904678345	0.12670396268367767	0.0705888569355011	0.6000956787538991	1.2636162761449925
0.250	3	200	0.702547013759613	0.12431807070970535	0.06694340705871582	0.5486580349360557	1.1989867492485928
0.250	3	225	0.6753414869308472	0.1102135181427002	0.07909952104091644	0.6000296216250518	1.2817532255457786
0.250	3	250	0.7320677042007446	0.12940824031829834	0.07154688239097595	0.6530596306596111	1.340189222623597
0.250	3	275	0.6356118321418762	0.1270025670528412	0.06691864877939224	0.5524826154453821	1.28188285116992
0.250	3	300	0.5998914837837219	0.12217932939529419	0.0696512758731842	0.5907543169329758	1.2530631196473234
0.250	3	325	0.6000024676322937	0.11376099288463593	0.0561600960791111	0.5721652583061944	1.2876009661654804
0.250	3	350	0.7113808393478394	0.14341354370117188	0.07863342016935349	0.5530685069767419	1.1248214069249047
0.250	3	375	0.722942054271698	0.1359291672706604	0.07585027068853378	0.5894383969339277	1.1689576384838665
0.250	3	400	0.6890791058540344	0.1016068086028099	0.07769498229026794	0.5402283702345777	1.1934827242307395
0.250	3	425	0.6886592507362366	0.13041691482067108	0.08081241697072983	0.6084609779048765	1.2664158052141943
0.250	3	450	0.6963897347450256	0.12948864698410034	0.07883694022893906	0.5673316748772366	1.2194800149760374
0.250	3	475	0.643572211265564	0.12372614443302155	0.07114909589290619	0.54681543498124	1.16276064705834
0.375	3	0	1.7263063227801467e-06	6.750037417901922e-09	3.381499080745698e-09	1.1895022458054285	1.8757939197696143
0.375	3	5	0.21948064863681793	0.0017457716166973114	0.00037518065073527396	0.6054960833597123	1.355303252278015
0.375	3	10	0.304973304271698	0.009312636218965054	0.000875064404681325	0.542357539452305	1.2335887580530247
0.375	3	15	0.3860984146595001	0.029610639438033104	0.002692893613129854	0.5334670284220332	1.173096923453905
0.375	3	20	0.4046398103237152	0.03845696151256561	0.0048636808060109615	0.5108433531514568	1.1692324061411843
0.375	3	25	0.36031320691108704	0.03671933338046074	0.007503179833292961	0.5198629323351157	1.2496643602495614
0.375	3	30	0.4252189099788666	0.04827648028731346	0.010359840467572212	0.6073434171795239	1.3611415826831617
0.375	3	35	0.42644885182380676	0.04284464195370674	0.011428158730268478	0.6225905929892009	1.4542415765403043
0.375	3	40	0.48396560549736023	0.05501370504498482	0.016133101657032967	0.7156501414567965	1.672779388981362
0.375	3	45	0.49240395426750183	0.05605494976043701	0.014223962090909481	0.6206147459033018	1.4146039754671023
0.375	3	50	0.5420471429824829	0.07988554239273071	0.02046937681734562	0.7895803950302221	1.753603156815596
0.375	3	75	0.5282037854194641	0.07070434093475342	0.019821489229798317	0.8066127887143291	1.678148515414969
0.375	3	100	0.5614582896232605	0.08023376762866974	0.02779148891568184	0.893022851762506	1.9170784518333635
0.375	3	125	0.5449454188346863	0.0922381579875946	0.032070059329271317	0.9102821171193393	1.8716288297905783
0.375	3	150	0.5414057374000549	0.1025429293513298	0.03935100883245468	0.9303251933891772	1.8391561092919841
0.375	3	175	0.5718290209770203	0.11374138295650482	0.04871634021401405	0.9750139508258729	1.934472921652183
0.375	3	200	0.7374899983406067	0.1391914039850235	0.056130487471818924	1.154876589362528	2.034820545889838
0.375	3	225	0.572117805480957	0.09906546771526337	0.05705896392464638	0.9533536293601985	1.9056076344722197
0.375	3	250	0.5736801624298096	0.11743141710758209	0.04763798788189888	0.9429984352184274	1.8802757577720486
0.375	3	275	0.5823351740837097	0.1095731258392334	0.05852784588932991	1.035008345570591	1.9858878449797879
0.375	3	300	0.6115494966506958	0.13229237496852875	0.05088252201676369	1.016769917521809	1.9066526189187012
0.375	3	325	0.5828038454055786	0.12102316319942474	0.05626525357365608	1.036420407807631	1.9812952784502313
0.375	3	350	0.6401627659797668	0.12173967063426971	0.06637541204690933	1.0804972143542544	1.9935683000948288
0.375	3	375	0.5638922452926636	0.11997000873088837	0.06127970293164253	1.0241993346989453	1.9557657333473148
0.375	3	400	0.5480471849441528	0.10493311285972595	0.06112409383058548	0.9846106186306294	1.89470567924402
0.375	3	425	0.5663133263587952	0.12736545503139496	0.06786734610795975	0.9766807230865523	1.8925831352099867
0.375	3	450	0.5476070046424866	0.12152272462844849	0.064307302236557	1.0050101944541472	1.9589371000468105
0.375	3	475	0.6341276168823242	0.14838986098766327	0.07216255366802216	1.0874710883943566	2.0763012493108772
0.500	3	0	1.3394250117926276e-06	6.063478164008984e-09	2.5961641725302798e-09	1.1950081386292484	2.8228104561903464
0.500	3	5	0.14136512577533722	0.0013922873185947537	0.00031899780151434243	0.6420152717408582	1.43114997771024
0.500	3	10	0.2004726231098175	0.0033069427590817213	0.0005071011837571859	0.6089991199478885	1.3477620902327736
0.500	3	15	0.21792756021022797	0.00813718419522047	0.0006895205588079989	0.5814699136640971	1.309781861804371
0.500	3	20	0.2693800628185272	0.02375694550573826	0.0016709382180124521	0.5793462929606144	1.280454597472777
0.500	3	25	0.21980927884578705	0.02400537021458149	0.0018234836170449853	0.6084289444443943	1.3212580106627134
0.500	3	30	0.23123475909233093	0.027025971561670303	0.0024179897736757994	0.6008878113776142	1.314901709300701
0.500	3	35	0.27342668175697327	0.03487415984272957	0.0025029396638274193	0.6041210417899553	1.2961564658139633
0.500	3	40	0.3239002823829651	0.042126014828681946	0.0032149036414921284	0.6137349694233623	1.3064948025554937
0.500	3	45	0.267117977142334	0.03256165608763695	0.003251007990911603	0.6254278494652935	1.3552241655241606
0.500	3	50	0.2648642957210541	0.034068845212459564	0.0027804335113614798	0.6583644357871818	1.4245174695031944
0.500	3	75	0.3440423011779785	0.05672188475728035	0.004393390379846096	0.9019300077520743	1.7212013623646183
0.500	3	100	0.29913508892059326	0.06467549502849579	0.006635988596826792	0.9939938358059354	1.9489710192713339
0.500	3	125	0.36944296956062317	0.05136702582240105	0.00720977084711194	0.9946374440303108	2.027670702457562
0.500	3	150	0.37674686312675476	0.06376899033784866	0.009584711864590645	1.1459671105781037	2.157590373656897
0.500	3	175	0.35601806640625	0.05104758217930794	0.009763705544173717	1.057398331483864	2.121875496074184
0.500	3	200	0.3474239706993103	0.05884980037808418	0.01136026717722416	1.151064972200723	2.2940647808032972
0.500	3	225	0.38240334391593933	0.06460853666067123	0.009335754439234734	1.1287568930314709	2.175360926516169
0.500	3	250	0.4133142828941345	0.07789533585309982	0.013027715496718884	1.2318573804891222	2.3383935952850963
0.500	3	275	0.3946951627731323	0.07517803460359573	0.013653857633471489	1.2878205649590175	2.4332198800779876
0.500	3	300	0.39617452025413513	0.07617414742708206	0.0163826085627079	1.2134852312347835	2.308111969125057
0.500	3	325	0.4285219609737396	0.08581472188234329	0.020259320735931396	1.2031985162231185	2.302130013915233
0.500	3	350	0.4320731461048126	0.08559662848711014	0.021518459543585777	1.1853555344455156	2.276288696240021
0.500	3	375	0.4375329613685608	0.09066300839185715	0.023801356554031372	1.2233438218376629	2.355907515633132
0.500	3	400	0.423544317483902	0.07886718213558197	0.01795773208141327	1.1424721287029886	2.280861752241646
0.500	3	425	0.41757386922836304	0.09259995073080063	0.019228769466280937	1.1808867436916808	2.3199334392148354
0.500	3	450	0.4020625054836273	0.0744767040014267	0.020587021484971046	1.1637680095139462	2.3351976756433936
0.500	3	475	0.4699552357196808	0.0960286483168602	0.021681934595108032	1.2393493400081839	2.371193901571257
0.000	4	0	1.5372339703390026e-06	8.574251531001664e-09	5.120593282725849e-09	1.8189887631999997	3.947881885933508
0.000	4	5	0.5694414377212524	0.007467299699783325	0.0008758674375712872	0.5153697859061359	1.0840343847281293
0.000	4	10	0.8258641362190247	0.10769093781709671	0.04152042418718338	0.1924935488602031	0.49280977682158356
0.000	4	15	1.127044677734375	0.12200312316417694	0.09572035074234009	0.11575411558151114	0.296830919921288
0.000	4	20	1.124761700630188	0.12130478024482727	0.1394762247800827	0.08676411357051524	0.22715160327891734
0.000	4	25	1.0776094198226929	0.12430565804243088	0.12696489691734314	0.07176633107285449	0.19643152194222493
0.000	4	30	1.0807790756225586	0.18215027451515198	0.0774398222565651	0.07136068893521069	0.22501538853027503
0.000	4	35	0.931087851524353	0.15266862511634827	0.05819978564977646	0.06269887942744617	0.25332572028134687
0.000	4	40	1.005769968032837	0.1638331115245819	0.07212141901254654	0.07420632901489774	0.22412673319901913
0.000	4	45	0.8559191226959229	0.18411006033420563	0.04731128737330437	0.05919696568826775	0.25910245430674117
0.000	4	50	0.929958701133728	0.15634068846702576	0.06680698692798615	0.07933124156817266	0.22747348499825756
0.000	4	75	0.9349039196968079	0.16763928532600403	0.06857909262180328	0.04787145593429894	0.27419656207690285
0.000	4	100	0.92280513048172	0.1782992035150528	0.052088793367147446	0.04327151387533839	0.25835668921834337
0.000	4	125	0.95081627368927	0.18158841133117676	0.08422746509313583	0.05335446290784257	0.2452512791824328
0.000	4	150	0.9616692662239075	0.1763351708650589	0.08412370085716248	0.04080872812852202	0.2362864916640632
0.000	4	175	0.9208769202232361	0.1623985916376114	0.09510006755590439	0.03488998938091729	0.2529809281751284
0.000	4	200	0.9453660845756531	0.1672542691230774	0.09422281384468079	0.03364744567146091	0.23961667292281488
0.000	4	225	0.8225005865097046	0.13125492632389069	0.08822139352560043	0.02968816945993244	0.3071761882791663
0.000	4	250	0.9357708692550659	0.1245933398604393	0.10893155634403229	0.02482529888861702	0.24476085859500582
0.000	4	275	0.9155046939849854	0.14283622801303864	0.09857923537492752	0.023565719196618016	0.2629928550418244
0.000	4	300	0.9659457206726074	0.13989397883415222	0.10482095181941986	0.02197490963121983	0.24966891075962008
0.000	4	325	0.9651272892951965	0.15251868963241577	0.10529066622257233	0.02071304358715301	0.26969500580081157
0.000	4	350	0.9532220959663391	0.13728614151477814	0.10102978348731995	0.018578819579224186	0.28185831304872017
0.000	4	375	0.9194682836532593	0.14300720393657684	0.09897655993700027	0.01732661374916467	0.3040931852267708
0.000	4	400	1.0176823139190674	0.16691279411315918	0.09791938960552216	0.01570226775812821	0.29205054240710593
0.000	4	425	0.9798249006271362	0.15589581429958344	0.1057070940732956	0.014776499237426273	0.29013017541315245
0.000	4	450	1.0135722160339355	0.16630065441131592	0.11618227511644363	0.013739783391372926	0.30273807295184535
0.000	4	475	1.0381602048873901	0.15829987823963165	0.12492529302835464	0.013751681648357857	0.3008393873744743
0.050	4	0	2.1243843093543546e-06	1.462496079795983e-08	6.134096786070131e-09	0.999494577529571	2.170220073725945
0.050	4	5	0.5012628436088562	0.004279728047549725	0.0009039682918228209	0.5558875016527847	1.2338928376377927
0.050	4	10	0.9243269562721252	0.04819543659687042	0.010591251775622368	0.3097904203370395	0.7118381692836433
0.050	4	15	1.0612982511520386	0.12221086025238037	0.06298911571502686	0.166055386739259	0.42304011737542613
0.050	4	20	0.8781792521476746	0.1138826236128807	0.05240705609321594	0.12298662784230403	0.3465678153534486
0.050	4	25	0.9389092922210693	0.13337451219558716	0.051435891538858414	0.1095504454042082	0.3284381271928113
0.050	4	30	0.9683545827865601	0.14009526371955872	0.07647055387496948	0.11089932795370042	0.347176130066301
0.050	4	35	0.9851841926574707	0.12067936360836029	0.06770294159650803	0.0915520882948812	0.31344206336510916
0.050	4	40	0.9596596956253052	0.12287791073322296	0.07009942084550858	0.10218503786319924	0.3460709509313739
0.050	4	45	0.8455222249031067	0.10212694853544235	0.06381190568208694	0.09773990818671942	0.4207721499038046
0.050	4	50	0.7538756728172302	0.11070139706134796	0.0462188720703125	0.1013151619535821	0.5032650665014349
0.050	4	75	0.7721651196479797	0.12277866154909134	0.04744691029191017	0.08052931109254173	0.4541686277071691
0.050	4	100	0.8684812784194946	0.14511075615882874	0.050545498728752136	0.062446846148691504	0.34749889590893357
0.050	4	125	0.9471825957298279	0.1308494657278061	0.09552796930074692	0.06324134767859599	0.3232300075870377
0.050	4	150	0.8553991317749023	0.11494702100753784	0.07199050486087799	0.05560426219467684	0.37969902583380233
0.050	4	175	0.8465977907180786	0.12283717095851898	0.08042869716882706	0.06496647071949742	0.4197786863862752
0.050	4	200	0.8537929058074951	0.1143999919295311	0.09029204398393631	0.05243552043554561	0.3426653844498328
0.050	4	225	0.9586489796638489	0.13660572469234467	0.10078979283571243	0.053949364308441966	0.35805883257812654
0.050	4	250	0.8685324788093567	0.13063021004199982	0.08544526994228363	0.04843581620618334	0.38090577719849433
0.050	4	275	0.8483296632766724	0.14739114046096802	0.08561571687459946	0.05762804750401549	0.4368484857176201
0.050	4	300	0.8135794401168823	0.11417712271213531	0.0841199979186058	0.04504084185990067	0.3936040857664027
0.050	4	325	0.857924222946167	0.14584225416183472	0.10161566734313965	0.04609279457238372	0.35489586805655426
0.050	4	350	0.8517197370529175	0.13039571046829224	0.10330619663000107	0.050975595765517835	0.3895749817021015
0.050	4	375	0.8702315092086792	0.14360740780830383	0.09178677201271057	0.0416394544799648	0.3658886709723923
0.050	4	400	0.9234364628791809	0.1401463747024536	0.11198928952217102	0.048137150562527355	0.36187233299869687
0.050	4	425	0.8548516035079956	0.1288098692893982	0.0927964448928833	0.0392741201066079	0.38030996889483826
0.050	4	450	0.8230535984039307	0.11724121123552322	0.0944993644952774	0.03535055953412707	0.35926279606487116
0.050	4	475	0.863245964050293	0.1158103421330452	0.09499086439609528	0.042586256600886906	0.4469358933556327
0.125	4	0	8.438782970188186e-07	4.35356639627571e-09	1.79931225474661e-09	1.1181669407924684	1.9043326908295333
0.125	4	5	0.3650285601615906	0.004241259768605232	0.0008670213865116239	0.5496711590586953	1.2254503300551587
0.125	4	10	0.5015863180160522	0.028224153444170952	0.0037653667386621237	0.39130676633164924	0.9403774732476889
0.125	4	15	0.8359216451644897	0.11408767849206924	0.04008971527218819	0.25640887543648716	0.6521139170185823
0.125	4	20	0.7825347781181335	0.10300565510988235	0.05057813599705696	0.2203802269268097	0.6297168595653115
0.125	4	25	0.8793652653694153	0.10487072914838791	0.05367003381252289	0.18823998454543664	0.5093145230849172
0.125	4	30	0.8616384267807007	0.1162109300494194	0.04521903023123741	0.20830541625517293	0.575559026237518
0.125	4	35	0.8225839734077454	0.10842467844486237	0.02737049013376236	0.17063396820089416	0.5254968409646315
0.125	4	40	0.8874596357345581	0.10111460834741592	0.05349866300821304	0.20146246899506173	0.5671806942611369
0.125	4	45	0.7336345314979553	0.1043076142668724	0.04324507340788841	0.1710685035263403	0.617227543336228
0.125	4	50	0.7362435460090637	0.09772218763828278	0.050389938056468964	0.1660982551055583	0.5992205657777179
0.125	4	75	0.8025113344192505	0.10671848058700562	0.05998794734477997	0.16353230992129908	0.5710468557176451
0.125	4	100	0.8087996244430542	0.125358447432518	0.056128960102796555	0.20304905788256414	0.5719110609807702
0.125	4	125	0.8082882761955261	0.11250657588243484	0.06450772285461426	0.1685187939295931	0.5195934032826551
0.125	4	150	0.6525754332542419	0.10434336215257645	0.05472173914313316	0.17927641331160502	0.67437762327719
0.125	4	175	0.735478937625885	0.10448844730854034	0.07057022303342819	0.1653724165711577	0.5603153664364295
0.125	4	200	0.6941298246383667	0.10358240455389023	0.07472109794616699	0.1633284221135248	0.5914529628806718
0.125	4	225	0.7728214859962463	0.11484849452972412	0.09375926107168198	0.20888845671342307	0.648565679609042
0.125	4	250	0.6773688197135925	0.10582653433084488	0.0739263966679573	0.15336513813253647	0.6109817669886564
0.125	4	275	0.7991437911987305	0.13531386852264404	0.08030003309249878	0.2059944620871305	0.6028735833055708
0.125	4	300	0.6874985098838806	0.11490977555513382	0.07993811368942261	0.1595499142410575	0.594139880697132
0.125	4	325	0.6899980902671814	0.13299159705638885	0.0743265375494957	0.17187277359219771	0.6245861829530556
0.125	4	350	0.7173208594322205	0.11508900672197342	0.0730949267745018	0.18889084434082398	0.6451649882730651
0.125	4	375	0.6649677753448486	0.10828957706689835	0.07622021436691284	0.16004319942337417	0.6665812110379233
0.125	4	400	0.6761484742164612	0.12050873786211014	0.062471143901348114	0.16550685700051262	0.64864259181235
0.125	4	425	0.6806837916374207	0.13689978420734406	0.06384140998125076	0.16526816405100297	0.635785359056947
0.125	4	450	0.6615428328514099	0.11701906472444534	0.0701848715543747	0.1655425988446976	0.6580844813330126
0.125	4	475	0.6842738389968872	0.12158428877592087	0.0794278159737587	0.17536560920247382	0.6978797896710068
0.250	4	0	7.617380219926417e-07	5.93094906520264e-09	3.161079842328718e-09	1.263121119942259	2.97111785230867
0.250	4	5	0.34612736105918884	0.003864515805616975	0.0008478639647364616	0.5791328367977641	1.266671312525338
0.250	4	10	0.4437790513038635	0.02225966937839985	0.002149983774870634	0.48100396528560707	1.102476387786189
0.250	4	15	0.7020191550254822	0.047121092677116394	0.006813834421336651	0.4163791917976181	0.9761044851142427
0.250	4	20	0.6717041730880737	0.06573005020618439	0.019048338755965233	0.4020359750956872	0.9800615791224526
0.250	4	25	0.6549047827720642	0.06962338835000992	0.025118421763181686	0.3990974814519137	1.0182407364091348
0.250	4	30	0.7193713784217834	0.07963217794895172	0.027546148747205734	0.413010512166701	1.0119614581252745
0.250	4	35	0.7493223547935486	0.0973934754729271	0.03295178338885307	0.45773534395961185	1.1443252311357195
0.250	4	40	0.6757698655128479	0.08399304002523422	0.026200463995337486	0.41052337502663117	1.0859178368938043
0.250	4	45	0.6017968058586121	0.06599128991365433	0.025817841291427612	0.40920283867581936	1.1111853720604612
0.250	4	50	0.6656849980354309	0.0812363550066948	0.028949610888957977	0.4631696603292129	1.1553043193164905
0.250	4	75	0.8729371428489685	0.10926290601491928	0.05468649044632912	0.5245666966875104	1.0936614201728876
0.250	4	100	0.7724791169166565	0.12130513042211533	0.06250499188899994	0.5475159101750067	1.1680369994725754
0.250	4	125	0.6013048887252808	0.0839473232626915	0.05497239530086517	0.5134052887388032	1.2271119312629866
0.250	4	150	0.6509079933166504	0.10406866669654846	0.06071583181619644	0.5256342758883993	1.1765100687783534
0.250	4	175	0.5784671306610107	0.10975053906440735	0.06747948378324509	0.6030619352294825	1.3038902315287737
0.250	4	200	0.7821983098983765	0.1184660866856575	0.07107376307249069	0.5668644029696726	1.1156705976084946
0.250	4	225	0.6426450610160828	0.11133036762475967	0.06292392313480377	0.5195056850234413	1.1447496768951444
0.250	4	250	0.6357666254043579	0.11642484366893768	0.0558319017291069	0.5371307410061185	1.1174475399949109
0.250	4	275	0.6041977405548096	0.13115820288658142	0.06731872260570526	0.6041785670264187	1.2889030510322554
0.250	4	300	0.5645272135734558	0.11113698035478592	0.06516927480697632	0.5732275747968953	1.2185319000234092
0.250	4	325	0.69747394323349	0.13285240530967712	0.08133911341428757	0.5812617917034615	1.2229109529008724
0.250	4	350	0.533527135848999	0.1254235953092575	0.059190768748521805	0.5048253344430753	1.1265339663165037
0.250	4	375	0.654964029788971	0.13894730806350708	0.062279485166072845	0.5497985614342983	1.183608706945555
0.250	4	400	0.6773058176040649	0.12328899651765823	0.0666007474064827	0.551648060283598	1.1368658442399664
0.250	4	425	0.7194990515708923	0.16078071296215057	0.07557928562164307	0.5920071785969486	1.1848488842155842
0.250	4	450	0.6621662974357605	0.14514194428920746	0.06761731952428818	0.5885446416093871	1.2628282553113133
0.250	4	475	0.6298158764839172	0.1278533637523651	0.06633860617876053	0.5568896022670322	1.1874233901786986
0.375	4	0	1.6751286011640332e-06	7.502104715229052e-09	4.1343057866072286e-09	1.0024979344961402	2.105130124476952
0.375	4	5	0.2644064128398895	0.0025520403869450092	0.000556314131245017	0.5879541079677311	1.3010582899737515
0.375	4	10	0.2881120443344116	0.01064305566251278	0.0007806363864801824	0.5444094594731165	1.2266841547672536
0.375	4	15	0.3813613951206207	0.028131527826189995	0.0026485936250537634	0.5258474593622079	1.1729891297782866
0.375	4	20	0.5324349999427795	0.04831641912460327	0.005899391137063503	0.5058962306286402	1.1211595907599081
0.375	4	25	0.4044117033481598	0.04290232062339783	0.006278776563704014	0.5448128253095227	1.229353858495097
0.375	4	30	0.388948917388916	0.04326460883021355	0.007005018647760153	0.5211079623324422	1.222781432126169
0.375	4	35	0.5206479430198669	0.050752390176057816	0.008441431447863579	0.5677547923541996	1.2790616789905422
0.375	4	40	0.3461773097515106	0.03373347595334053	0.006624836008995771	0.6224451922112709	1.4214299580111778
0.375	4	45	0.5464985966682434	0.056004904210567474	0.010430547408759594	0.6393583808897367	1.3845269706579346
0.375	4	50	0.5041350722312927	0.057307809591293335	0.012278024107217789	0.7581489362586725	1.5844122621691898
0.375	4	75	0.5310656428337097	0.08310152590274811	0.017336707562208176	0.79007671891324	1.6977580947812634
0.375	4	100	0.6024078130722046	0.08445212244987488	0.029185382649302483	0.8325501354693232	1.7202210679592502
0.375	4	125	0.5539947748184204	0.07917420566082001	0.024341769516468048	0.9198457654721837	1.8701367696163242
0.375	4	150	0.5542032122612	0.09352946281433105	0.02375253289937973	0.8959816807344707	1.8575434914114577
0.375	4	175	0.578857421875	0.10942309349775314	0.043740056455135345	0.941347640315734	1.9271310470571619
0.375	4	200	0.5553622841835022	0.1032487228512764	0.03252577781677246	0.9036916066681887	1.8701772333541375
0.375	4	225	0.6809197068214417	0.13302099704742432	0.04499976709485054	1.023304642765276	1.982640435010755
0.375	4	250	0.6206355690956116	0.14641410112380981	0.04726564884185791	1.0259189058395446	2.038140056455907
0.375	4	275	0.6479867100715637	0.11905013024806976	0.04970528185367584	1.0155173215233613	1.9945358095951513
0.375	4	300	0.6656184792518616	0.14171086251735687	0.046744074672460556	1.0369485194688557	2.0142110887940055
0.375	4	325	0.5959967970848083	0.10731256008148193	0.04559529200196266	0.9329507079995666	1.8544518057951491
0.375	4	350	0.6407285332679749	0.12327514588832855	0.046058837324380875	1.0196469427952537	1.9301041752655435
0.375	4	375	0.5934249758720398	0.11648071557283401	0.049148768186569214	0.9997284086328807	1.9503936928940622
0.375	4	400	0.5972760915756226	0.11869697272777557	0.04888887703418732	0.9715641866473481	1.9182517367136198
0.375	4	425	0.643080472946167	0.11528365314006805	0.05172356963157654	1.0117051737873626	1.9776233730706663
0.375	4	450	0.5773816704750061	0.10413985699415207	0.054738715291023254	0.9701049220733946	1.8941992407611103
0.375	4	475	0.6826885938644409	0.14949294924736023	0.06255607306957245	1.0517170252956678	2.0768661784914846
0.500	4	0	1.4363432683239807e-06	5.350618614841096e-09	2.2855877190863794e-09	1.5131626469843824	3.4394393985800717
0.500	4	5	0.17076142132282257	0.0019188219448551536	0.00037304629222489893	0.6284228133713059	1.3945143321670814
0.500	4	10	0.2184721976518631	0.004084255080670118	0.0006303487461991608	0.6125637636310628	1.3262142883134949
0.500	4	15	0.16300643980503082	0.008059144951403141	0.0007283012382686138	0.61343254575268	1.410994974817312
0.500	4	20	0.18331752717494965	0.017418263480067253	0.001218423480167985	0.6097773687048228	1.3545035383627042
0.500	4	25	0.232585147023201	0.028041278943419456	0.001993925543501973	0.5941641443314322	1.3181498076973834
0.500	4	30	0.21924996376037598	0.032896604388952255	0.002057148376479745	0.6068930908186204	1.338918746899063
0.500	4	35	0.24121062457561493	0.03475682809948921	0.001947524375282228	0.6177896142821553	1.328066307477826
0.500	4	40	0.20700326561927795	0.03899187967181206	0.002224482363089919	0.626123644108845	1.371352189536304
0.500	4	45	0.2657773792743683	0.044327493757009506	0.0023270815145224333	0.6401139437705405	1.3389408583796283
0.500	4	50	0.17672733962535858	0.03462782874703407	0.002031605923548341	0.6909409850046563	1.425194085092304
0.500	4	75	0.26722294092178345	0.05169917643070221	0.003917677327990532	0.8867291115657006	1.737519645438025
0.500	4	100	0.2778836488723755	0.04860646650195122	0.005046384874731302	0.9330576705600547	1.8573154393691318
0.500	4	125	0.28510937094688416	0.059519823640584946	0.006390961352735758	1.032175002177211	1.9978348959895655
0.500	4	150	0.22620736062526703	0.04477417469024658	0.006038912571966648	0.9067762941219035	1.9044198464263848
0.500	4	175	0.3535097539424896	0.0778074860572815	0.011196766048669815	1.0734295038025714	2.1868511835551474
0.500	4	200	0.32193633913993835	0.06675983965396881	0.010910185985267162	1.111019503924477	2.1754184035287993
0.500	4	225	0.31954988837242126	0.06859885156154633	0.011564986780285835	1.1101499222411642	2.2252373998657635
0.500	4	250	0.36066487431526184	0.0645359456539154	0.014147077687084675	1.1196338120518823	2.226869298957717
0.500	4	275	0.3132256865501404	0.05974683538079262	0.01198984868824482	1.1348781315173198	2.280182674935283
0.500	4	300	0.365309476852417	0.07188970595598221	0.014026290737092495	1.1822457378517826	2.2700231649643925
0.500	4	325	0.33201339840888977	0.05674353241920471	0.011439248919487	1.1928052279432644	2.3907115396562633
0.500	4	350	0.38519784808158875	0.06572052836418152	0.01307398360222578	1.1447999038806307	2.225793416819676
0.500	4	375	0.4449319839477539	0.06997453421354294	0.013977672904729843	1.1766333026617048	2.297449410365948
0.500	4	400	0.4162687063217163	0.07614313066005707	0.014774622395634651	1.240554145636305	2.3577878059181843
0.500	4	425	0.37724074721336365	0.07591604441404343	0.015926318243145943	1.1686487445939597	2.3163070448927203
0.500	4	450	0.3560314178466797	0.06206834688782692	0.015255267731845379	1.17179530923396	2.313414877524814
0.500	4	475	0.3588503897190094	0.06944948434829712	0.01472532283514738	1.1739593969829276	2.3136583821249563
